id,name,city_id/id,area_id/id,district_id/id,manager_id/id
dep_601530,مسجد سعيد القحطاني,,,,
dep_601529,عبدالله السديس ,,,,
dep_601528,النخبة,,,,
dep_601527,حلقة مغلقة,,,,
dep_601526,جامع نوره,,,,
dep_601525,دار الأبرار المسائية,,,,
dep_601524,إصلاحية الرياض,,,,
dep_601523,مدرسة ابراهيم محمد السباح الصباحية,,,,
dep_601522,مدرسة ابراهيم محمد السباح المسائية,,,,
dep_601521,جامع ابراهيم السباح,,,,
dep_601520,روضة الجزيرة الصباحية,,,,
dep_601519,عبقرية الشروق الصباحية,,,,
dep_601518,الدورات الرمضانية,,,,
dep_601517,محمد الراجحي,,,,
dep_601516,صالح العبدالقادر 2 بصياح,,,,
dep_601515,غزوى المطيري - مسائية,,,,
dep_601514,أم هانئ صباحي,,,,
dep_601513,الإمام الشاطبي ,,,,
dep_601511,محمد بن راشد الثوري,,,,
dep_601509,مسجد عبدالعزيز العثمان,,,,
dep_601508,حمد الزير,,,,
dep_601506,عبقرية الشروق المسائية,,,,
dep_601505,روضة الجزيرة المسائية,,,,
dep_601504,التعاون,,,,
dep_601503,جامع العريني,,,,
dep_601502,الوالدين (2),,,,
dep_601501,الشهداء,,,,
dep_601499,منيرة بنت عبداللطيف ال الشيخ,,,,
dep_601498,هيا القضيع,,,,
dep_601497,عائشة بنت أبي بكر الصديق,,,,
dep_601496,البركات,,,,
dep_601495,رحاب القرآن,,,,
dep_601493,جامع الصفوة,,,,
dep_601492,الخراشي,,,,
dep_601489,السلامة صباحي ,,,,
dep_601488,حلقات جامع التقوى ,,,,
dep_601487,السلامة مسائي ,,,,
dep_601486,دار لطيفه بنت عبدالله الخلف,,,,
dep_601485,النور (2),,,,
dep_601483,عبد الله الجريان,,,,
dep_601480,جنى الجنتين المسائية,,,,
dep_601479,جامع والدة الأمير منصور,,,,
dep_601478,الرميصاء صباحي,,,,
dep_601477,اشبيليا,,,,
dep_601476,الجميح ( الوزارات),,,,
dep_601475,مدرسة روضة الصالحات ,,,,
dep_601474,الأمير مشعل ,,,,
dep_601473,مقرأة مركز الغرب الأولى بمسجد الخضيري,,,,
dep_601472,فاطمة بنت محمد,,,,
dep_601470,حصة القبيسي ,,,,
dep_601469,فاطمة باحويرث,,,,
dep_601468,عمر بن الخطاب (5),,,,
dep_601467,جامع بن باز,,,,
dep_601466,سليمان الدخيل,,,,
dep_601464,السنابل صباحي,,,,
dep_601463,ذو النورين,,,,
dep_601461,جامع التيسير,,,,
dep_601460,نادي إنسان الاجتماعي ,,,,
dep_601459,مسجد ابراهيم القريشي,,,,
dep_601458,الإمام مالك بن أنس,,,,
dep_601457,جامع عبدالعزيز الغليقه,,,,
dep_601456,هيا الخضير,,,,
dep_601454,الشيخ عبد الله إبراهيم القباع وحرمه,,,,
dep_601452,منابر النور المسائية,,,,
dep_601451,منابر النور الصباحية,,,,
dep_601450,مجمع حلقات المعيلي,,,,
dep_601449,مسجد فهد المطيري,,,,
dep_601448,جامع الأمير تركي بن عبدالله,,,,
dep_601447,الوالدين (1),,,,
dep_601446,أبو بكر الصديق (3),,,,
dep_601445,عبدالعزيز بن باز (3),,,,
dep_601444,جامع ضاحية بلنسية,,,,
dep_601443,مسجد موسى بن نصير,,,,
dep_601442,جامع حمد المورقي,,,,
dep_601441,حلقه الشيخ / محمد بن ابراهيم,,,,
dep_601440,جامع حمود اللحيدان,,,,
dep_601439,والدة أحمد البلوي,,,,
dep_601438,جامع ابن عثيمين,,,,
dep_601437,ركيب علي الرمال,,,,
dep_601436,أروى بنت كريز صباحي,,,,
dep_601435,مدرسة دار القدس لتحفيظ القرآن الكريم,,,,
dep_601433,مسجد الطويلعة,,,,
dep_601432,مسجد عمار بن ياسر حلقات أبي هريره,,,,
dep_601430,الضياء صباحي,,,,
dep_601429,اليرموك صباحي,,,,
dep_601428,رياض النرجس صباحي,,,,
dep_601427,اقرأ - صباحية,,,,
dep_601426,الهدى,,,,
dep_601425,زاد المعاد,,,,
dep_601424,أبي بن كعب,,,,
dep_601423,القيم -  صباحي,,,,
dep_601422,جامع أحمد بن عبدالرحمن العبيلان,,,,
dep_601421,إقرأ ( صباحية),,,,
dep_601420,نورة الصبيح وحفيداتها صباحي,,,,
dep_601419,القدس صباحي,,,,
dep_601418,الاترجة صباحي,,,,
dep_601417,ابن باز - اسكان الأفراد ( جامع الفاروق),,,,
dep_601415,عبدالعزيز بن باز (2),,,,
dep_601413,رياض الجنان مسائي,,,,
dep_601412,جامع الأميره العنود بنت عبدالعزيز,,,,
dep_601410,عاتكة بنت زيد صباحي روضة صناع المجد,,,,
dep_601409,علياء مسائي,,,,
dep_601408,جامع زيد المليحي,,,,
dep_601406,خديجة بنت خويلد مسائي,,,,
dep_601405,أم عبد الله الدغيشم,,,,
dep_601404,الايمان,,,,
dep_601403,جامع النمر - مجمع الفرقان التعليمي,,,,
dep_601399,سعد الخثلان,,,,
dep_601396,التقوى - الصبيحي,,,,
dep_601395,ناصر بن مهنا السبيعي,,,,
dep_601394,درة بنت أبي سلمة صباحي,,,,
dep_601393,مسجد عبدالكريم الخليفي,,,,
dep_601392,حفصة بنت سيرين مسائي,,,,
dep_601391,جامع العمران,,,,
dep_601389,أزهار البيان صباحي,,,,
dep_601388,مسجد النور ,,,,
dep_601387,إقرأ المسائية ,,,,
dep_601386,إقرأ الصباحية ,,,,
dep_601384,صهيب الرومي,,,,
dep_601383,سليمان العباد,,,,
dep_601382,مناهل الفرقان صباحي,,,,
dep_601379,الرضوان,,,,
dep_601378,مدرسة السعيدان بالعليا,,,,
dep_601377,الشيخ عبدالعزيز الحكير,,,,
dep_601376,حاملات المسك - صباحي,,,,
dep_601375,الأميرتركي بن عبدالله,,,,
dep_601373, جامعة الملك سعود,,,,
dep_601372,المركز النسائي لتحفيظ القرآن والسنة في إسكان جامعة الامام ,,,,
dep_601371,الامير محمد بن عبدالرحمن الفيصل ,,,,
dep_601370,اقرأ - مسائية ,,,,
dep_601369,مسجد عبدالرحمن بن عوف ,,,,
dep_601368,أحمد الحصين ,,,,
dep_601367,قحصان اليامي ,,,,
dep_601366,مجمع الرياحين - المنصورة,,,,
dep_601365,مجمع الرياحين - الصحافة,,,,
dep_601364,مجمع الرياحين - الفلاح,,,,
dep_601363,مجمع الرياحين - الشفا,,,,
dep_601362,مجمع الرياحين - السلام,,,,
dep_601361,مجمع الرياحين - المونسية,,,,
dep_601360,ام انس,,,,
dep_601359,ام خالد,,,,
dep_601358,ام المؤمنين عائشة,,,,
dep_601357,النرجس,,,,
dep_601356,الجوهرة,,,,
dep_601355, ام فهد السعيدان,,,,
dep_601354,العوالي,,,,
dep_601353,الجواهر الحسان صباحي,,,,
dep_601351,والدة محمد الثنيان,,,,
dep_601349,الأبرار,,,,
dep_601348,العلي السالم,,,,
dep_601347,جامع الشيخ عبدالعزيز بن صالح المرشد,,,,
dep_601345,عبد الله بن عمر,,,,
dep_601343,النجاة صباحي (روضة),,,,
dep_601340,الشيباني,,,,
dep_601339,حلقات مسجد أبي أمامة الباهلي,,,,
dep_601338,مسجد/ عبدالعزيز الفياض ,,,,
dep_601337,عبد العزيز المانع,,,,
dep_601334,قسم المتابعة النسائية,,,,
dep_601332,قسم الاختبارات - الجمعية ,,,,
dep_601331,قسم المحاسبة,,,,
dep_601330,قسم الضبط المالي,,,,
dep_601329,أبو بكر الصديق (المنصورة),,,,
dep_601328,قسم البرامج والمسابقات - الجمعية,,,,
dep_601327,قسم الإشراف الرجالي - الجمعية,,,,
dep_601326,قسم الدراسات والتقويم - الجمعية,,,,
dep_601325,قسم التأهيل والتدريب الرجالي  - الجمعية ,,,,
dep_601324,قسم الاشراف المدرسي للنساء (رجال) - الجمعية,,,,
dep_601322,أئمة الدعوة,,,,
dep_601320,الارتقاء (صباحي),,,,
dep_601319,مدينة المهيلب  ,,,,
dep_601318,سعد بن معاذ (2),,,,
dep_601317,تدريب معلمين ومعلمات,,,,
dep_601315,الفتح مسائي,,,,
dep_601312,حصة سليمان العثيم,,,,
dep_601311,النملة مسائي,,,,
dep_601309,الجود صباحي,,,,
dep_601308,محسن مجلي با مجلي,,,,
dep_601307,مسجد العويمرية الشمالي / مجمع الفاروق التعليمي,,,,
dep_601306,مسجد مخطط القصر 2 - مجمع قرآني,,,,
dep_601305,الوالدين مسائي,,,,
dep_601304,مالك بن سعيد,,,,
dep_601303,الشيخ محمد عبدالله الماجد,,,,
dep_601302,سعيد  بن زيد ,,,,
dep_601299,الأميرعبدالعزيز بن فهد ,,,,
dep_601298,حلقات نور الرحمن في مسجد الخريجي الشمالي بعتيقة ,,,,
dep_601297,مدرسة سارة العريفي - مسائي ,,,,
dep_601296,عائشة بنت خميس الذيبان,,,,
dep_601295,سعد الضويحي ,,,,
dep_601294,جامع محمد عبدالله الوهبي الحربي ,,,,
dep_601293,مسجد السهلي,,,,
dep_601291,جامع أم الحمام الشرقية,,,,
dep_601285,نعيم بن مسعود,,,,
dep_601284,مسجد أبي سعيد الخدري ,,,,
dep_601283,حمد الوهيبي / مجمع القراء,,,,
dep_601282,حلقات مسجد الجدتين,,,,
dep_601281,جامع الراجحي ,,,,
dep_601280,أبو هريرة (2),,,,
dep_601279,الطريقي ,,,,
dep_601278,حصة الراضي ,,,,
dep_601277,سعيد السيد,,,,
dep_601275,باجنيد,,,,
dep_601274,الثريا مسائي,,,,
dep_601273,عبدالله بن حمد بن سليم ,,,,
dep_601271,التعاون (3) / مجمع القراء التعليمي,,,,
dep_601268,مسجد عوض الحربي,,,,
dep_601267,مسجد البدر ,,,,
dep_601266,حلقات جامع الرمال,,,,
dep_601265,مها فالح الدوسري,,,,
dep_601264,مسجد الأسرة ,,,,
dep_601263,الزياد,,,,
dep_601256,أم أنس مسائي,,,,
dep_601255,اكاديمية تاج نت ,,,,
dep_601254,قسم مناديب المكاتب الاعلامية ,,,,
dep_601253,عثمان بن عفان ,,,,
dep_601252,جامع أبي عبيدة بن الجراح,,,,
dep_601251,مركز إشراف الدائري الشمالي القسم النسائي,,,,
dep_601250,جامع محمد الدعجاني ,,,,
dep_601249,هياء بنت محمد العيسى,,,,
dep_601248,جامع الشافعي - مجمع جيل القرآن النموذجي,,,,
dep_601247,جامع ضيحة معتق العتيبي,,,,
dep_601246,ابن قيم الجوزية,,,,
dep_601245,أم عبدالله الحسين صباحي,,,,
dep_601244,عبدالله النعيم,,,,
dep_601243,جامع الفرسان,,,,
dep_601242,حذيفة بن اليمان,,,,
dep_601241,أم عبدالله الحسين مسائي,,,,
dep_601239,الأمير عبدالله بن عبدالرحمن الفيصل,,,,
dep_601238,أم أيمن المعيزلية صباحي ,,,,
dep_601237,الفوزاني,,,,
dep_601236,أم رومان بنت عامر مسائي,,,,
dep_601234,الجوزاء,,,,
dep_601232,أبناء أحمد باسودان,,,,
dep_601231,مبارك حمد الدوسري,,,,
dep_601229,مسجد خالد بن الوليد,,,,
dep_601227,الجنان مسائي ,,,,
dep_601225,العباس بن عبدالمطلب صباحي,,,,
dep_601221,عبد الله البندقاني,,,,
dep_601220,مسجد طلحة بن عبيدالله,,,,
dep_601219,جامع سلمان الفارسي,,,,
dep_601215,عبد الله العجلان,,,,
dep_601214,أحمد الجار الله,,,,
dep_601213,اقرأ مسائي,,,,
dep_601212,أزهار البيان مسائي,,,,
dep_601211,الحمراء - المسائية ,,,,
dep_601210,الحمراء - الصباحية ,,,,
dep_601209,قسم الاختبارات - العزيزية,,,,
dep_601208,قسم الاختبارت - الروضة,,,,
dep_601205,قسم الاختبارات - الغرب,,,,
dep_601204,حكمة النسائية المسائية,,,,
dep_601203,الفريان,,,,
dep_601201,قسم الاختبارات - الوسط الشمالي,,,,
dep_601199,قسم الاختبارات - الدائري الشمالي,,,,
dep_601198,قسم الاختبارات - الدائري الغربي,,,,
dep_601197,قسم الإختبارات بالإدارة,,,,
dep_601196,دوحة القرآن.صباحي,,,,
dep_601195,الندى صباحي,,,,
dep_601183,لولوة بنت دعيج العاصمي,,,,
dep_601181,الحكمة صباحي,,,,
dep_601180,مسجد جعفر بن أبي طالب,,,,
dep_601179,عبدالعزيز الرويتع مسائي,,,,
dep_601178,حلقات رتل بمسجد الشيخ عبدالله بن سيف,,,,
dep_601177,اسامة بن زيد,,,,
dep_601175,الامام البخاري,,,,
dep_601172,المركز التربوي ( المتوسطة ),,,,
dep_601171,المركز التربوي (  الابتدائية ),,,,
dep_601170,المركز التربوي ( التلقين ),,,,
dep_601169,نورة الوهيبي - مسائية,,,,
dep_601164,حلقة الإتقات  ( 2 ) ,,,,
dep_601163,الامام ابن تيمية,,,,
dep_601161,ابي بكر الصديق,,,,
dep_601160,الامام مالك,,,,
dep_601159,الامام ابي حنيفة,,,,
dep_601158,عبد الله بن مسعود,,,,
dep_601154,عمر بن العاص,,,,
dep_601151,محمد بن راشد المزيعل,,,,
dep_601149,التلقين,,,,
dep_601146,طرفه بنت حمد الصباحية,,,,
dep_601144,زينب بنت علي بن أبي طالب مسائي,,,,
dep_601143,شماء بنت محمد صباحي,,,,
dep_601142,شماء بنت محمد مسائي,,,,
dep_601141,مسجد الصديق 2,,,,
dep_601139,عبدالله وابنه محمد المعمر ,,,,
dep_601137,العجلان(الخالدية),,,,
dep_601136,السعود,,,,
dep_601135,صفوة التاليات مسائي,,,,
dep_601133,جمانة بنت أبي طالب مسائي,,,,
dep_601132,الشيخ صالح الفوزان,,,,
dep_601131,عبدالعزيز النصار,,,,
dep_601130,ابن جبرين مسائي,,,,
dep_601129,النور صباحي,,,,
dep_601128,الإدارة العامة لمشروع بناء لرعاية الموهوبات,,,,
dep_601127,مركز رعاية الموهوبين بناء بالغرب,,,,
dep_601126,مركز رعاية الموهوبين بناء بالشمال,,,,
dep_601125,مركز رعاية الموهوبين بناء بالشرق,,,,
dep_601124,مركز رعاية الموهوبين بناء بالجنوب,,,,
dep_601121,جامع الأميره فهده العاصي الشريم ,,,,
dep_601120,الإدارة التنفيذية لمشروع بناء رعاية الموهوبات,,,,
dep_601118,جامع العقلة,,,,
dep_601117,جامع حلقات موسى بن النظر,,,,
dep_601116,مجمع حلقات جامعة الأميرة نورة بنت عبدالرحمن ,,,,
dep_601115,الغفران,,,,
dep_601112,أنس بن مالك - مجمع الفريان النموذجي,,,,
dep_601108,مناهل الفرقان مسائي,,,,
dep_601107,الشئون المالية - القسم النسائي,,,,
dep_601106,الخدمات المساندة القسم النسائي,,,,
dep_601104,مسجد ابن عيسى,,,,
dep_601096,الشيخ صالح العبيلان,,,,
dep_601093,جامع أبوبكر الصديق,,,,
dep_601083,الأميرة الجوهرة بنت فيصل مجمع مشكاة التعليمي,,,,
dep_601082,معهد نورين لاعداد المعلمات ,,,,
dep_601081,الملك عبد العزيز بالعليا الشرقية,,,,
dep_601080,مجمع حلقات جامع خديجة بنت محمد بغلف,,,,
dep_601079,الامير متعب بن عبدالعزيز- مجمع أبي موسى الاشعري النموذجي,,,,
dep_601077,الأمير سلطان بن عبدالعزيز ,,,,
dep_601076,الشعلان 2 سلطانه,,,,
dep_601074,الأمير متعب بن عبدالعزيز الشمالي - مجمع ابي موسى الاشعري النموذجي,,,,
dep_601071,العابدين,,,,
dep_601063,مكتب الاشراف النسائي,,,,
dep_601061,العطاء مسائي,,,,
dep_601060,العطاء صباحي,,,,
dep_601059,الياسمين صباحي,,,,
dep_601058,الصفا,,,,
dep_601057,علي الطويل,,,,
dep_601056,الفضل و أم سعود,,,,
dep_601055,معهد تدبر لمعلمات القرآن الكريم ,,,,
dep_601054,اروى بنت كريز مسائي,,,,
dep_601052,حلقة حاطب بن أبي بلتعة (ثانوي),,,,
dep_601051,حلقة حاطب بن أبي بلتعة (متوسط),,,,
dep_601050,حلقة مرارة بن الربيع (كبار),,,,
dep_601049,حلقة أبوسعيد الخدري,,,,
dep_601048,حلقة الشيخ / عبدالرحمن زيد الشلهوب,,,,
dep_601047,حلقة أبو قتادة الأنصاري (كبار),,,,
dep_601046,حلقة مالك بن الحويرث (كبار),,,,
dep_601045,حلقة أبوطلحة الأنصاري,,,,
dep_601044,الإمام الذهبي بمسجدالرفيعة,,,,
dep_601043,نورة الحصيني,,,,
dep_601038,قسم المعاهد والتدريب النسائي ,,,,
dep_601037,الأندلس مسائي,,,,
dep_601035,لولوة الوهيب,,,,
dep_601032,عمر بن عبد العزيز,,,,
dep_601031,الملك عبدالعزيز,,,,
dep_601029,مسجد سعد بن ابي وقاص,,,,
dep_601027,أسيد بن خضير,,,,
dep_601026,مسجد العواد - الفيحاء,,,,
dep_601024,حماد الثقفي,,,,
dep_601023,اليقين - مسائي,,,,
dep_601022,اليقين - صباحي,,,,
dep_601021,بن شويش,,,,
dep_601020,الفريان(عتيقة),,,,
dep_601019,زامل السليم,,,,
dep_601018,صالح الدهش,,,,
dep_601015,حلقة اليمامة الشمالي,,,,
dep_601013,الذكر الحكيم مسائي,,,,
dep_601012,هيله صباحي,,,,
dep_601011,هيله مسائي,,,,
dep_601010,معهد الشمال لإعداد المعلمات ,,,,
dep_601009,معهد الغرب لاعداد المعلمات,,,,
dep_601008,معهد الجنوب لإعداد المعلمات ,,,,
dep_601007,معهد الشرق لإعداد المعلمات ,,,,
dep_601006,آل الشيخ,,,,
dep_601005,فهد منير العتيبي - ابن عمر,,,,
dep_601004,معهد الحمودي للتأهيل والتطوير,,,,
dep_601003,معهد ابن الجزري للتأهيل والتطوير,,,,
dep_601002,معهد سليمان القاسم للتأهيل والتطوير,,,,
dep_601001,معهد بصائر للتأهيل والتطوير,,,,
dep_601000,معهد ايفاد للتأهيل والتطوير,,,,
dep_600999,مركز مهارة للتدريب والتطوير ,,,,
dep_600998,مركز نورين للتدريب والتطوير ,,,,
dep_600997,مركز تدريب الشرق النسائي  للتأهيل والتطوير,,,,
dep_600996,مركز تدريب الجنوب النسائي للتأهيل والتطوير,,,,
dep_600995,مركز تدريب الشمال النسائي للتأهيل والتطوير,,,,
dep_600994,مركز تدريب الغرب النسائي للتأهيل والتطوير,,,,
dep_600993,الأنفال (صباحي),,,,
dep_600992,أم خالد (صباحي),,,,
dep_600986, طرفه بنت حمد المسائية,,,,
dep_600983,مسجد الخفرة - مجمع بينات التعليمي النموذجي,,,,
dep_600982,قسم إشراف الدائري الغربي,,,,
dep_600978,محمد عبد العزيز الجميح - مجمع مشكاة التعليمي النموذجي,,,,
dep_600975,عبد الله بن تركي الضحيان,,,,
dep_600974,الخلفاء الراشدين,,,,
dep_600971,مركز اشراف العزيزية القسم النسائي,,,,
dep_600966,نور الهداية صباحي,,,,
dep_600965,بن سحيم,,,,
dep_600953,الخضير ,,,,
dep_600952,حلقات والدة علي الهزاع,,,,
dep_600951,طرفة بنت حمد- مجمع العلماء التعليمي,,,,
dep_600949,السبعان,,,,
dep_600948,الأمير محمد بن سعود,,,,
dep_600946,جامع الصانع 2 حلقات مؤمن _ مجمع قرآني,,,,
dep_600945,والدة الأمير طلال بن سعود - مجمع الفاروق التعليمي,,,,
dep_600944,الفتاة صباحاً,,,,
dep_600943,مسجد سعد بن أبي وقاص - ب,,,,
dep_600942,الإحسان,,,,
dep_600939,جامع عبد العزيز العسكر,,,,
dep_600938,حلقات البيان بجامع معزي العصيمي,,,,
dep_600928,جامع الأمير فهد بن محمد آل سعود,,,,
dep_600927,سيرين القبطية صباحاً,,,,
dep_600921,أم سلمة ( الروضة ) مسائي,,,,
dep_600917,مسجد عبدالعزيز الخريف - مجمع الوقار التعليمي,,,,
dep_600916,مسجد عمير بن سعد الانصاري - مجمع الوقار التعليمي,,,,
dep_600915,جامع الصغير - مجمع الوقار التعليمي ,,,,
dep_600914,مسجد رياض الصالحين,,,,
dep_600913,الماجد,,,,
dep_600912,مشرفة ,,,,
dep_600911,عبد الله بن سعيد القحطاني,,,,
dep_600906,القسم النسائي - الغرب,,,,
dep_600895,البطيحان ,,,,
dep_600894,البدر,,,,
dep_600892,منيرة الشبيلي,,,,
dep_600891,نورة السويلم (صباحي),,,,
dep_600890,الحياء صباحي,,,,
dep_600889,رقية صباحي,,,,
dep_600888,الشقائق صباحي,,,,
dep_600887,طيبة صباحي,,,,
dep_600886,السنة صباحي,,,,
dep_600885,رزينة صباحي,,,,
dep_600884,الروابي صباحي,,,,
dep_600867,عبدالعزيز عبدالكريم المعيوف,,,,
dep_600866, الفريان(الخالدية),,,,
dep_600864,فهد العويضة صباحي -الخليج ,,,,
dep_600856,القسم النسائي - الشمال,,,,
dep_600852,الأمير سلطان بن عبد العزيز ,,,,
dep_600850,الماهرات مسائي,,,,
dep_600849,محمد بن فهد بن جريس,,,,
dep_600848,حصة بنت سليمان الراضي,,,,
dep_600846,الشيخ محمد علي الصانع - مجمع مشكاة,,,,
dep_600845,مقرأة الروضة,,,,
dep_600843,مقرأة مركز الروضة,,,,
dep_600837,حماد القريني,,,,
dep_600836,جامع عبدالرحمن الخنيفر,,,,
dep_600835,مسجد لطيفة حلقات التوحيد,,,,
dep_600834,عائشة بنت أبي بكر الصديق مسائي,,,,
dep_600833,مسجد ذو النورين,,,,
dep_600832,مسجد الشيخ ناصر الرميح,,,,
dep_600830,دوح الكتاب مسائي,,,,
dep_600829,جامع الشيخ عبدالله بن محمد أبا الخيل,,,,
dep_600827,مسجد عبدالله العتيبي,,,,
dep_600826,حلقات شارع الوزير,,,,
dep_600825,النهضة مسائي,,,,
dep_600820,الأبوين/ مجمع القراء التعليمي,,,,
dep_600819,الخيرات - صباحي,,,,
dep_600818,صالح الراجحي - المجمع النموذجي,,,,
dep_600816,عبدالعزيز بن بدر العسكر,,,,
dep_600815,طرفة المقبل,,,,
dep_600814,عبد الله تركي الضحيان,,,,
dep_600813,والدة سعد الدريس,,,,
dep_600812,جامع العمري,,,,
dep_600811,مسجد والدة محمد النشمي,,,,
dep_600810,ناصر الشثري,,,,
dep_600808,الشبانات,,,,
dep_600807,الدريهمية الاوسط,,,,
dep_600806,مريم بنت عمران صباحي,,,,
dep_600805,الجواهر الحسان مسائي,,,,
dep_600804,مسجد ابي عبدالله البخاري,,,,
dep_600803,حلقات الفاروق,,,,
dep_600801,الخنساء - مسائي,,,,
dep_600799,الشيخ التويجري,,,,
dep_600798,حلقات جامع ابن القيم ,,,,
dep_600797,حلقات محمد منصور الراجحي,,,,
dep_600796,جامع أبي بكر الصديق ( أبو الأسود ),,,,
dep_600795,الصحابة(اليمامة),,,,
dep_600793,الخليل ابراهيم ,,,,
dep_600792,دارة الملك عبدالعزيز,,,,
dep_600791,الراجحي باسكان الملك سلمان ,,,,
dep_600788,قسم شؤون الطالبات,,,,
dep_600785,منيرة شويش المطيري مسائي,,,,
dep_600784,الحمراء صباحي,,,,
dep_600782,دار الفرقان ,,,,
dep_600781,دار الذكر النسائية بالمزاحمية,,,,
dep_600776,الصديقة بنت الصديق (صباحي),,,,
dep_600775,الصديقة بنت الصديق مسائي,,,,
dep_600773,عبدالله بن مسعود مسائي,,,,
dep_600771,محمد بن عبدالوهاب مسائي,,,,
dep_600767,قطيم القحطاني (الدار البيضاء),,,,
dep_600766,حلقات المثناة,,,,
dep_600765,بن عثيمين,,,,
dep_600761,رياض الصالحين - جامع الفاروق,,,,
dep_600759,براعم القرآن,,,,
dep_600758,رياض الجنة صباحي,,,,
dep_600757,هجرة آل غصين,,,,
dep_600755,زينب بنت جحش,,,,
dep_600754,مكتب إشراف حلقات صبحاء,,,,
dep_600753,أم كلثوم ,,,,
dep_600751,نسيبة بنت كعب,,,,
dep_600750,الحضانة,,,,
dep_600749,كعب بن مالك بمسجد شرقي الفيفة,,,,
dep_600748,ربعي بن عامر,,,,
dep_600746,الطفيل بن عمرو الدوسي,,,,
dep_600745,العمور,,,,
dep_600744,حلقات العجلان,,,,
dep_600742,حلقات الفدا,,,,
dep_600740,الأمير فهد بن محمد آل سعود,,,,
dep_600738,مسجد الحمزة,,,,
dep_600737,التعاون - صباحي,,,,
dep_600732,الملك سعود/ مجمع القراء التعليمي,,,,
dep_600731,افانين القرآن مسائي,,,,
dep_600730,مجمع الفلاح التعليمي بجامع البابطين,,,,
dep_600729,باجد,,,,
dep_600728,خادم الحرمين الشريفين الملك عبدالله بن عبدالعزيز- مجمع ابي موسى الاشعري النموذجي,,,,
dep_600726,مجمع المطوع القرآني,,,,
dep_600725,الفوزان,,,,
dep_600724,دار خديجة,,,,
dep_600723,دار حفصه,,,,
dep_600722,هند بنت عتبة - صباحي,,,,
dep_600721,ام الوليد بنت عمر بن الخطاب صباحي,,,,
dep_600720,الربيع - صباحي,,,,
dep_600718,قسم علاقات المحسنين - الموارد,,,,
dep_600714,قسم الاستثمار,,,,
dep_600710,قسم الموارد البشرية,,,,
dep_600709,قسم البرامج والمناهج,,,,
dep_600708,قسم حلقات البنين,,,,
dep_600706,العقيق صباحي,,,,
dep_600704,ام سلمة المصيف مسائي,,,,
dep_600703,نورة بنت سليمان ( نور الهدى ),,,,
dep_600701,القيم,,,,
dep_600700,سليمان الربيش مسائي,,,,
dep_600698,دار حويمضة النسائية,,,,
dep_600697,مدرسة ام يوسف العطير ,,,,
dep_600695,الفتح,,,,
dep_600689,مانع الجهني,,,,
dep_600687,الفتح - مسائي,,,,
dep_600686,حبيبة بنت جحش صباحي,,,,
dep_600682,الشيخ عبدالله المرشد,,,,
dep_600681,الندى,,,,
dep_600680,فهد العويضة مسائي -الحمراء,,,,
dep_600679,حفصة بنت عمر مسائي,,,,
dep_600678,مزنة الحديثي صباحي,,,,
dep_600677,الخيرات مسائي,,,,
dep_600676,عمرة بنت رواحة صباحي,,,,
dep_600675,عبد الله الهداب النسائية,,,,
dep_600674,جامع المديميغ,,,,
dep_600673,مسجد الحميميدي,,,,
dep_600672,السنابل مسائي,,,,
dep_600670,البابطين صباحي,,,,
dep_600669,القسم النسائي - الموارد والعلاقات,,,,
dep_600668,قسم الاستقطاع - الموارد,,,,
dep_600667,قسم التواصل - الموارد,,,,
dep_600666,قسم العلاقات - الموارد,,,,
dep_600664,قسم التخطيط - الموارد,,,,
dep_600663,الذاكرات مسائي,,,,
dep_600661,الملك عبدالعزيز مسائي,,,,
dep_600659,عبد الله بن جبرين,,,,
dep_600658,سلمى بنت عميس مسائي,,,,
dep_600657,القري الطويل - مجمع قرآني,,,,
dep_600656,لطيفة الجابر,,,,
dep_600653,العفيفات مسائي,,,,
dep_600652,بن سعيد,,,,
dep_600649,مزنة السبيعي ( الدار البيضاء ),,,,
dep_600648,المثاني صباحي,,,,
dep_600647,أم طالب بنت ابي طالب الهاشمية - مسائية,,,,
dep_600646,لولوة الدهش - مسائية,,,,
dep_600644,التوحيد ,,,,
dep_600643,اللؤلؤه مسائي,,,,
dep_600642,عبد الله بن رواحة,,,,
dep_600641,أبو بكر -الجزيرة,,,,
dep_600639,مجاهد المجاهد ,,,,
dep_600638,النسيم صباحي,,,,
dep_600637,خديجة بنت خويلد صباحي,,,,
dep_600636,عمرة بنت عبد الرحمن مسائي,,,,
dep_600635,الفردوس صباحي,,,,
dep_600633,المنار صباحي,,,,
dep_600632,الفردوس مسائية,,,,
dep_600631,ساره الحميزي مسائي,,,,
dep_600630,نورة السويلم  مسائي,,,,
dep_600628,تاج الوقار فرع الورود مسائي,,,,
dep_600627,السمو مسائي,,,,
dep_600625,خالد السلمان,,,,
dep_600624,جامع الأمير سلطان,,,,
dep_600623,سليمان السبت,,,,
dep_600582,جمعية تحفيظ القرآن الأحساء,,,,
dep_600520,عبدالعزيز الحقباني - مجمع الوقار التعليمي,,,,
dep_600519,الياسمين المسائية,,,,
dep_600517,وليد بن شويه ,,,,
dep_600516,مسجد سليمان الجوير,,,,
dep_600514,مجمع الرياحين - النسيم الشرقي - الصفوة,,,,
dep_600512,عبدالله بن سلمه,,,,
dep_600511,بن القيم ,,,,
dep_600508,ام يوسف العطير 2,,,,
dep_600499,سعد الغنام,,,,
dep_600497,أم خالد الماجد,,,,
dep_600492,البواردي صباحي,,,,
dep_600491,واحة القرآن مسائي,,,,
dep_600489,البابطين مسائي,,,,
dep_600488,جامع الهريش (الرياحين),,,,
dep_600485,العفاف - مسائية,,,,
dep_600483,جامع الغويري,,,,
dep_600482,طارق العريفي,,,,
dep_600481,مجمع حلقات لبخة ,,,,
dep_600474,عبد الله البسام,,,,
dep_600473,أبو سفيان بن حرب,,,,
dep_600472,مجمع جامع اليوسف متوسط,,,,
dep_600471,جامع شيخ الاسلام ابن تيمية ,,,,
dep_600470,عبد الله بن عباس ,,,,
dep_600469,جامع فهد البريك ,,,,
dep_600466,محمد بن عبد الله التركي ,,,,
dep_600465,مسجد مشرفة نفي,,,,
dep_600464,مجمع حلقات سكن عمال البلدية ,,,,
dep_600463,حلقة الإتقان  ( 1 ) ,,,,
dep_600461,نجوم الروضة,,,,
dep_600459,حفصة بنت عمر بن الخطاب,,,,
dep_600458,الزبير بن العوام - مجمع ابن عثيمين النموذجي,,,,
dep_600457,دار أم المؤمنين صفية المسائية,,,,
dep_600454,التوحيد (1),,,,
dep_600448,محمد تركي التركي,,,,
dep_600447,حنضلة بن أبي عامر,,,,
dep_600446,سالم مولى أبي حذيفة,,,,
dep_600445,كعب بن مالك,,,,
dep_600439,أبو بكر الصديق ,,,,
dep_600438,دار صفية الصباحية,,,,
dep_600437,سعد القويز,,,,
dep_600435,أمهات المؤمنين مسائي,,,,
dep_600432,خولة الأسدية مسائي,,,,
dep_600426,جامع أبي عبدالله اللحيدان,,,,
dep_600423,الفاضل ,,,,
dep_600420,الحديثي,,,,
dep_600419,مسجد البليهد,,,,
dep_600413,عبدالرحمن الداخل,,,,
dep_600412,جامع السحيم,,,,
dep_600410,جامع أبي بكر ,,,,
dep_600409,التويجري - السعادة,,,,
dep_600406,جامع أبوبكر الصديق - مجمع اسكان الحرس التعليمي النموذجي,,,,
dep_600404,حلقات المحدثين بجامع العمور بالصالحية,,,,
dep_600403,أم حمد الحمودي مسائي,,,,
dep_600402,جامع العواد -مجمع حلقات الحلتين,,,,
dep_600401,الخليل عليه السلام-مجمع بينات التعليمي النموذجي,,,,
dep_600398,سليمان القوسي,,,,
dep_600396,الأرقم مسائي -القدس,,,,
dep_600395,حاملات المسك مسائي,,,,
dep_600394,التقوى - أسيد بن حضير,,,,
dep_600393,العمرين,,,,
dep_600391,أبي بكر الصديق 2,,,,
dep_600390,حلقات ابن جبرين,,,,
dep_600389,جامع أبو بكر الصديق - ابن باز ,,,,
dep_600387,حلقات جامع المقبل,,,,
dep_600386,المانع,,,,
dep_600385,المزروع,,,,
dep_600382,عبدالله العطاالله,,,,
dep_600370,ام كعب الانصارية ـ (صباحي),,,,
dep_600368,دار الفرقان النسائية ,,,,
dep_600367,جامع رياض الجنان,,,,
dep_600366,جامع الدويش,,,,
dep_600365,عائشة بنت سليمان الراجحي صباحي,,,,
dep_600363,تحفيظ القرآن الكريم بتمير,,,,
dep_600362,تحفيظ القرآن الكريم بالحفنة ,,,,
dep_600361,مسجد حي الرفاع بأبو جلال,,,,
dep_600360,تحفيظ القرآن الكريم بمبايض ,,,,
dep_600358,دار العلم بالحوميات ,,,,
dep_600357,الإترجة مسائي,,,,
dep_600355,مزنة الحديثي مسائي,,,,
dep_600352,حفصة بنت عمر,,,,
dep_600351,أوثيلان,,,,
dep_600350,البرود,,,,
dep_600349,فاطمة ,,,,
dep_600348,خف النسائية,,,,
dep_600346,الفيضة,,,,
dep_600344,الفضيلة,,,,
dep_600342,عين الصوينع,,,,
dep_600341,رفايع المنجور,,,,
dep_600340,الحبابية ,,,,
dep_600338,الخنين,,,,
dep_600337,العثمانية,,,,
dep_600336,سعد اليحيا,,,,
dep_600334,هتلانه,,,,
dep_600333,نعجان,,,,
dep_600331,عبد العزيز الدريهم,,,,
dep_600330,سعد الدريهم,,,,
dep_600329,عبد الرحمن الحقباني,,,,
dep_600328,البخاري,,,,
dep_600327,الهديب,,,,
dep_600326,آل عتي,,,,
dep_600325,الصديق,,,,
dep_600324,الغنيم,,,,
dep_600323,بن سيف,,,,
dep_600322,آل سالم,,,,
dep_600321,الرغيب,,,,
dep_600320,السويلم,,,,
dep_600319,العثيمين,,,,
dep_600318,السعودية,,,,
dep_600317,مسجد اليوسف,,,,
dep_600316,مسجد المليحة,,,,
dep_600315,عصماء,,,,
dep_600314,نجخ,,,,
dep_600313,المشف,,,,
dep_600312,شارع البلدية,,,,
dep_600311,الحلق الفردية,,,,
dep_600309,دار الخزامى النسائية لتحفيظ القرآن,,,,
dep_600299,مسجد الزهرة,,,,
dep_600298,القدس مسائي,,,,
dep_600297,دار الإيمان بطحي - طحي - الرويضة,,,,
dep_600296,دار أم سلمة رضي الله عنها - مزعل - القويعية,,,,
dep_600295,دار عائشة بنت الصديق - سنام - الرويضة,,,,
dep_600292,درا رقية رضي الله عنها,,,,
dep_600291,أبو رمل,,,,
dep_600290,مدرسة تحفيظ القرآن الكريم بتمير,,,,
dep_600288,دار أمامة بنت العاص - الخروعية,,,,
dep_600287,دار فاطمة بنت الخطاب - نخيلان - القويعية,,,,
dep_600286,الجاليات,,,,
dep_600283,عبد الله بن عباس,,,,
dep_600281,المشاش,,,,
dep_600280,جامع رغبة,,,,
dep_600279,جامع الروضة,,,,
dep_600278,جامع الجار الله,,,,
dep_600277,حلقة البراعم,,,,
dep_600276,دار التوحيد,,,,
dep_600275,دار الإيمان,,,,
dep_600274,دار الاهتداء,,,,
dep_600272,النباية,,,,
dep_600271,البريقة,,,,
dep_600270,الامام الترمذي,,,,
dep_600269,الامام النسائي,,,,
dep_600268,البكر,,,,
dep_600266,الموظفين بالهدار,,,,
dep_600265,مسجد البلدية,,,,
dep_600264,المصارير,,,,
dep_600263,مجمع البلدية,,,,
dep_600262,مجمع الاسكان,,,,
dep_600261,جامع ابن باز,,,,
dep_600260,الخزان,,,,
dep_600259,آل عمر,,,,
dep_600258,البديع الجنوبي,,,,
dep_600256,المميزة,,,,
dep_600255,هارون الرشيد,,,,
dep_600254,التوحيد,,,,
dep_600253,الفرقان,,,,
dep_600252,سعد بن أبي وقاص -جامع البساتين -القويعية,,,,
dep_600251,مكتب الإشراف بالرين,,,,
dep_600250,مجمع أبوبكر الصديق - الدخل المحدود - الرين,,,,
dep_600249,القعقاع بن عمرو - عسيلان - الرين,,,,
dep_600248,شلاح - الرين,,,,
dep_600247,العيبان - الرين,,,,
dep_600246,العفج - الرين,,,,
dep_600245,علي بن أبي طالب - الدخل المحدود - الرين,,,,
dep_600243,جامع الفراج برماح,,,,
dep_600242,سعيد بن العاص - مسجد الشيخ سعود بن عبدالله العريفي- الخالدية,,,,
dep_600241,حكيم بن حزام-الجامع الكبير - نخيلان,,,,
dep_600240,الإمام أبو حنيفة - مسجد آل شايع - صبحاء,,,,
dep_600239,الإمام الكسائي - الفيضة - صبحاء,,,,
dep_600238,الفردوس,,,,
dep_600236,الحكمة,,,,
dep_600235,الإمام عاصم الكوفي - جامع ابن عثيمين- النميص- صبحاء,,,,
dep_600234,الإمام حمزة الكوفي- مسجد الربواء- الربواء- صبحاء,,,,
dep_600233,المحرق - جامع المحرق - صبحاء,,,,
dep_600232,محمد الأمين الشنقيطي - مسجد آل مجلد - الوسيطاء -صبحاء,,,,
dep_600230,عبدالرحمن بن حنبل - مسجد الآمار,,,,
dep_600229,سراقة بن مالك ,,,,
dep_600228,عبد الله بن رواحه,,,,
dep_600226,حكيم بن حزام,,,,
dep_600224,سهل بن سعد,,,,
dep_600223,عمران بن حصين,,,,
dep_600222,مجمع جامع اليوسف,,,,
dep_600221,عبد الله بن سلام,,,,
dep_600219,الحسن بن علي ,,,,
dep_600218,حسان بن ثابت,,,,
dep_600217,عبادة بن الصامت,,,,
dep_600215,نواس بن سمعان,,,,
dep_600214,المغيرة بن شعبة,,,,
dep_600213,حاطب بن أبي بلتعة (ابتدائي),,,,
dep_600212,جبير بن مطعم,,,,
dep_600211,أنس بن مالك,,,,
dep_600208,البرحية ,,,,
dep_600203,عائشة بنت أبي بكر الصدييق,,,,
dep_600201,دار القاعية,,,,
dep_600200,دار رملة بنت أبي سفيان,,,,
dep_600199,عبدالعزيز العصيمي - م رياض الصالحين ,,,,
dep_600198,حلقات تحفيظ البنات - مدرسة محيرقة للبنات,,,,
dep_600197,الدريبي,,,,
dep_600196,الإمام أحمد بن حنبل-مسجد هجرة علوة- الحصاة,,,,
dep_600195,جامع العيبة- هجرة العيبة- الحصاة,,,,
dep_600194,سلمة بن قيس- مسجد آل حمد - هجرة آل حمد - الحصاة,,,,
dep_600193,أبو بكر الصديق ( متوسط ) ,,,,
dep_600192,أبي بن كعب - جامع الملك خالد - الحصاة,,,,
dep_600191,أبو بكر الصديق ( ابتدائي ) 2,,,,
dep_600190,زيد بن حارثة - فيضة أعبلية,,,,
dep_600189,المغيرة بن الحارث - مسجد الناصفة,,,,
dep_600188,أبو زيد الأنصاري- مسجد النبهانية,,,,
dep_600187,المغيرة بن الحارث- مسجد النقيعة,,,,
dep_600186,المغيرة بن الحارث - جامع الحاوي,,,,
dep_600185,الوسيطاء,,,,
dep_600184,السالمية,,,,
dep_600183,الرفيعة,,,,
dep_600182,أبو عبادة الأنصاري - جامع الهمجة,,,,
dep_600181,جامع الخروعية,,,,
dep_600180,حلقات التحفيظ - مسجد الخروعية,,,,
dep_600179,كبشان النسائية,,,,
dep_600178,عبدالله بن عمر,,,,
dep_600177,أويس القرني ,,,,
dep_600175,أسامة بن زيد ,,,,
dep_600174,عبد الرحمن السعدي,,,,
dep_600173,حمود التويجري,,,,
dep_600171,ابن القيم ( ضبط الحفظ ),,,,
dep_600170,الشلوي,,,,
dep_600169,سليمان عبد الله العسكر,,,,
dep_600168,دار أسماء بنت أبي بكر- حي الزهور - القويعية,,,,
dep_600167,عمير بن عوف- مسجد الربوة- هجرة الربوة - الفويلق,,,,
dep_600166,خالد بن العاص -مسجد آل سياف - هجرة آل سياف - الفويلق,,,,
dep_600165,طلحة بن مالك -مسجد هجرة العزيزية - الفويلق,,,,
dep_600164,حسان بن جابر بمسجد الخليج,,,,
dep_600163,سعد بن عياض بمسجد آل عايضة,,,,
dep_600162,عبادة بن الصامت بمسجد الرفايع,,,,
dep_600161,عمرو بن العاص بمسجد الفويلق الشمالي,,,,
dep_600158,أسامة بن زيد,,,,
dep_600155,طلحة بن عبيد االله,,,,
dep_600154,حمزة بن عبد المطلب,,,,
dep_600152,عمير بن وهب,,,,
dep_600151,روضات الجنان (مسائية) ,,,,
dep_600150,كعب بن مالك بجامع الروضة بهجرة الروضة,,,,
dep_600149,مسجد آل عشتل بهجرة آل عشتل ( الفرعة ),,,,
dep_600148,حذيفة بن اليمان بمسجد أم أثلة بالفويلق,,,,
dep_600146,حلقات زيد بن ثابت بالجامع الكبير بالفويلق,,,,
dep_600145,كعب بن مالك بهجرة الفيفة ,,,,
dep_600144,مجمع النور التعليمي,,,,
dep_600143,مسجد الملك فهد,,,,
dep_600142,حلقات تحسين التلاوة بالسليل,,,,
dep_600141,الدفاع المدني بالسليل,,,,
dep_600140,مجمع ابن القيم لتحفيظ القرآن الكريم بمحافظة السليل,,,,
dep_600139,مسجد المحسن,,,,
dep_600138,مجمع النور- حلق إعداد الحفاظ- مسجد أبو بكر الصديق,,,,
dep_600137,مجمع النور- مسجد الملك فيصل,,,,
dep_600136,الإمام الشافعي بطحي,,,,
dep_600135,لجعة,,,,
dep_600134,معاذ بن جبل بسنام,,,,
dep_600133,بلال بن الحارث,,,,
dep_600132,جامع أبو سليم الغربي,,,,
dep_600131,مسجد الشيخ بكر أبو زيد,,,,
dep_600130,مجمع مزعل,,,,
dep_600128,التخيفي,,,,
dep_600127,ابن قاسم,,,,
dep_600126,جامع الأميرة سارة بنت عبدالله الجلوي,,,,
dep_600125,مجمع الإيمان -  جامع بن باز,,,,
dep_600124,الفيصلية,,,,
dep_600123,مجمع التوحيد - مسجد العباس بن عبدالمطلب,,,,
dep_600122,والدة الأمير عبد العزيز بن تركي,,,,
dep_600121,دار خولة بنت حكيم,,,,
dep_600120,مجمع السيحاني,,,,
dep_600118,مركز أثيثية,,,,
dep_600117,مجمع حلقات مسجد أسامة بن زيد,,,,
dep_600116,جامع الودي,,,,
dep_600115,دار خديجة بنت خويلد,,,,
dep_600114,دار جويرية بنت الحارث,,,,
dep_600113,العزيزية,,,,
dep_600112,الصفار- اهل القرآن,,,,
dep_600111,الحجر,,,,
dep_600110,حلقات مركز حويتة,,,,
dep_600108,الإمام ابن القيم,,,,
dep_600107,ابن كثير المكي,,,,
dep_600106,الفوار,,,,
dep_600105,الحرباش,,,,
dep_600103,جامع المخطط,,,,
dep_600102,ناصر الزيد,,,,
dep_600101,حلقة الهاتف,,,,
dep_600100,حلقة الصم,,,,
dep_600099,حلقة سعيد بن جبير,,,,
dep_600098,حلقة البدع,,,,
dep_600097,حلقة المنذري,,,,
dep_600096,حلقة احمد بن حنبل,,,,
dep_600095,حلقة خالد بن الوليد ,,,,
dep_600094,حلقة الشعيبي,,,,
dep_600093,أسماء بنت عميس,,,,
dep_600092,ميمونة بنت الحارث,,,,
dep_600091,المركز النسائي السادس,,,,
dep_600088,حلقات المشروع,,,,
dep_600086,مصعب بن عمير ,,,,
dep_600085,عبدالله بن رواحه,,,,
dep_600083,الصفدي,,,,
dep_600082,باحمدان,,,,
dep_600081,مريم بنت عمران ,,,,
dep_600080,المركز النسائي الأول,,,,
dep_600079,المركز النسائي الخامس,,,,
dep_600078,المركز النسائي الرابع,,,,
dep_600077,المركز النسائي الثالث,,,,
dep_600075,م,,,,
dep_600073,مسجد غانم الشمري,,,,
dep_600072,جامع سعد الحطيم,,,,
dep_600071,أحمد بن حنبل,,,,
dep_600070,مسجد التراضي,,,,
dep_600064,مسجد الملك فيصل,,,,
dep_600063,مسجد الزهراني,,,,
dep_600062,مسجد بشر بن البراء,,,,
dep_600061,مسجد سعد بن عبادة,,,,
dep_600060,مسجد ابن شبرين,,,,
dep_600059,مسجد معاذ بن جبل,,,,
dep_600058,مسجد زيد الخير,,,,
dep_600057,مسجد الشفا ( السعودية الجنوبي ),,,,
dep_600056,مسجد الشكرة الجنوبي,,,,
dep_600055,مسجد سعيد بن المسيب,,,,
dep_600054,مسجد عثمان بن عفان,,,,
dep_600053,مسجد حمزة بن عبد المطلب,,,,
dep_600052,مسجد ثابت بن قيس,,,,
dep_600051,جامع البصري,,,,
dep_600050,مسجد الإمام الترمذي,,,,
dep_600049,مسجد العتبان,,,,
dep_600048,مسجد الإمام الذهبي,,,,
dep_600047,جامع العباس بن عبد المطلب,,,,
dep_600046,مسجد الإمام النووي,,,,
dep_600045,مسجد مستشفى الملك خالد,,,,
dep_600044,مسجد متلع الشمري,,,,
dep_600043,مسجد الشيخ محمد بن عبد الوهاب,,,,
dep_600042,جامع عمر بن الخطاب,,,,
dep_600041,جامع المك عبد العزيز,,,,
dep_600039,العيسى,,,,
dep_600038,الأمير سعد بن محمد,,,,
dep_600037,غزيله الانصارية - مسائية,,,,
dep_600036,ام ابراهيم الخراشي الثانية,,,,
dep_600035,عبد الهادي الصفوق,,,,
dep_600033,ساره الحميزي صباحي,,,,
dep_600031,الزغيبي,,,,
dep_600021,جامع الهداب - مجمع مشكاة التعليمي,,,,
dep_600019,أبو حيمد,,,,
dep_600017,المفدى,,,,
dep_600016,مسجد العنقري,,,,
dep_600015,جامع القصر- مجمع قرآني,,,,
dep_600012,مسجد الرويشد,,,,
dep_600010,مسجد قصر الأمير سعود بن سلمان,,,,
dep_600007,مركز ابن الجزري,,,,
dep_600006,جامع الأميره منيره بنت عبدالرحمن,,,,
dep_38,مكتب الاتصالات الادارية,,,,
dep_32222,البينات صباحي روضة براعم الهدى,,,,
dep_29999,ناصر الناصر,,,,
dep_26515,الأنفال مسائي,,,,
dep_25001,رفعة بنت عبدالله صباحي,,,,
dep_20000,جامع الشيخ علي الهزاع 2,,,,
dep_2,الإدارة النسائية,,,,
dep_18317,آل مجلد,,,,
dep_18316,الربواء,,,,
dep_18315,المحرق,,,,
dep_18313,النميص بصبحاء,,,,
dep_18312,آل زامل,,,,
dep_18311,مزعل,,,,
dep_18310,مسجد طريف,,,,
dep_18309,جامع الملك خالد,,,,
dep_18308,مسجد آل حمد,,,,
dep_18307,مسجد السلم,,,,
dep_18306,الشيخ سعود العريفي,,,,
dep_18305,مجمع الإيمان - جامع الديرة,,,,
dep_18304,مسجد اللهدة,,,,
dep_18303,العباس بن عبد المطلب,,,,
dep_18302,8887777777,,,,
dep_18301,جامع الرويضة القديم,,,,
dep_18300,جامع عبد الرحمن بن سويد,,,,
dep_18299,مسجد داغة,,,,
dep_18298,مسجد سنام,,,,
dep_18297,مسجد الصحابة,,,,
dep_18296,مجمع النور - جامع الزهور الجنوبي,,,,
dep_18295,جامع شلاح,,,,
dep_18294,مسجد آل عيبان,,,,
dep_18293,مسجد الزمامية,,,,
dep_18292,جامع الفيضة,,,,
dep_18291,مسجد الناصفة,,,,
dep_18290,مسجد النفيعة,,,,
dep_18289,جامع الحاوي,,,,
dep_18288,مسجد العدوة,,,,
dep_18286,مسجد آل زامل,,,,
dep_18285,مسجد آل عبد الله,,,,
dep_18284,الوسطى (أسيد بن حضير),,,,
dep_18283,حلبان,,,,
dep_18281,الحشيان,,,,
dep_18280,جامع مشيرفة,,,,
dep_18261,العقلة,,,,
dep_18260,الجديدة,,,,
dep_18259,ثانوية سرورة,,,,
dep_18258,ثانوية الرفايع,,,,
dep_18257,ثانوية جهام,,,,
dep_18256,القرين,,,,
dep_18254,فيضة العبيسي,,,,
dep_18226,دار التلاوة بحريملاء,,,,
dep_18225,دار ملهم,,,,
dep_18224,دار القرينة,,,,
dep_18194,صفية بنت حيي النسائية,,,,
dep_18172,الإبتدائية العاشرة (أم أيمن),,,,
dep_18171,الثانوية الأولى,,,,
dep_18168,مؤسسة مكة المكرمة,,,,
dep_18167,الإبتدائية الخامسة عشر,,,,
dep_18166,رياض الجنان,,,,
dep_18165,الإبتدائية الثانية عشر,,,,
dep_18164,مدرسة جامع ابن باز,,,,
dep_18139,مجمع حديجة النسائي,,,,
dep_18138,مجمع كبشان النسائي,,,,
dep_18137,مجمع الشثينية النسائي,,,,
dep_18136,أم المؤمنين حفصة رضي الله عنها,,,,
dep_18135,مدرسة أم سليم رضي الله عنها,,,,
dep_18134,دار خديجة بنت خويلد النسائية,,,,
dep_18016,دار الذكر النسائية بالغطغط,,,,
dep_18015,دار النور النسائية بالمزاحمية,,,,
dep_18014,سلطان العذل,,,,
dep_18,ادارة الشئون المالية,,,,
dep_17994,أسماء بنت أبي بكر,,,,
dep_17993,عاشقات الجنان,,,,
dep_17990,فاطمة الزهراء,,,,
dep_17989,صفية بنت حيي,,,,
dep_17988,الخنساء,,,,
dep_17987,أم عطية الأنصارية,,,,
dep_17985,دار أبي بكر الصديق,,,,
dep_17984,دار الشقائق,,,,
dep_17959,الحلقات الخارجية,,,,
dep_17958,المركز النسائي الرابع بحي السلام,,,,
dep_17956,المركز النسائي الثالث بالخالدية,,,,
dep_17954,المركز النسائي الأول بحي السعودية,,,,
dep_17939,الصالحات,,,,
dep_17938,آسيا بنت مزاحم,,,,
dep_17936,عائشة بنت ابي بكر ,,,,
dep_17935,الدعوة ,,,,
dep_17934,البلاغ,,,,
dep_17930,المهدية,,,,
dep_17927,ذات النطاقين,,,,
dep_17926,البيان,,,,
dep_17925,السلام,,,,
dep_17924,النبراس,,,,
dep_17903,دار والدة عبد العزيز الكريديس,,,,
dep_17902,دار القرآن,,,,
dep_17901,دار الحياة الطيبة,,,,
dep_17900,أم أيمن ,,,,
dep_17899,دار مكة,,,,
dep_17898,دار العيينة,,,,
dep_17896,دار أم عمارة الأنصارية,,,,
dep_17895,دار سلمى بنت حمزة,,,,
dep_17894,دار الدرعية,,,,
dep_17874,حفصة بنت عمر النسائية,,,,
dep_17873,عين الصوينع النسائية,,,,
dep_17872,البرود النسائية,,,,
dep_17871,عائشة بنت الصديق,,,,
dep_17869,أم عمارة المازنية,,,,
dep_17868,الفرقان النسائية,,,,
dep_17867,خديجة بنت خويلد,,,,
dep_17865,فاطمة النسائية,,,,
dep_17864,الفيضة النسائية,,,,
dep_17836,دار خديجة بنت خويلد - هجرة لبخة,,,,
dep_17835,دار عائشة بنت أبي بكر - هجرة أم سليم,,,,
dep_17834,دار الذكر النسائية بمحافظة مرات,,,,
dep_17808,مدرسة التحفيظ النسائية بمركز حفر العتش,,,,
dep_17807,مدرسة التحفيظ النسائية بمركز شويه,,,,
dep_17806,مدرسة التحفيظ النسائية بهجرة سعد,,,,
dep_17805,مدرسة التحفيظ النسائية بالغيلانة,,,,
dep_17804,مدرسة التحفيظ النسائية برماح,,,,
dep_17774,دار الهداية,,,,
dep_17718,دار أم المؤمنين أم سلمة رضي الله عنها,,,,
dep_17717,دار أم المؤمنين خديجة بنت خويلد رضي الله عنها,,,,
dep_17716,دار أم المؤمنين أسماء بنت أبي بكر رضي الله عنها,,,,
dep_17715,دار أم المؤمنين حفصة رضي الله عنها,,,,
dep_17714,دار عائشة بنت أبي بكر رضي الله عنها,,,,
dep_17685,دار الهدى بالتويم بسدير,,,,
dep_17684,دار عبدالله وسليمان الكليبي النسائية,,,,
dep_17661,دار البيان,,,,
dep_17660,زينب بنت محمد,,,,
dep_17659,دار عائشه بنت ابي بكر ,,,,
dep_17658,ابن باز,,,,
dep_17657,درا عاتكه,,,,
dep_17655,حفصه بنت عمر,,,,
dep_17654,خديجه بنت خويلد,,,,
dep_17631,أم عمارة,,,,
dep_17626,عائشة,,,,
dep_17625,أم سلمة,,,,
dep_17624,البيان في محافظة السليل,,,,
dep_17610,دار خولة رضي الله عنها,,,,
dep_17609,دار رفعة بنت مشنان,,,,
dep_17608,دار أم المؤمنين ,,,,
dep_17607,دار أم سلمة رضي الله عنها,,,,
dep_17606,دار مارية رضي الله عنها,,,,
dep_17605,دار أسماء رضي الله عنها,,,,
dep_17604,دار سمية رضي الله عنها,,,,
dep_17603,دار ميمونة رضي الله عنها,,,,
dep_17602,دار صفية رضي الله عنها,,,,
dep_17601,دار أم حبيبة رضي الله عنها,,,,
dep_17600,دار الفرقان,,,,
dep_17599,دار نسيبة رضي الله عنها,,,,
dep_17598,دار فاطمة رضي الله عنها,,,,
dep_17597,دار زينب رضي الله عنها,,,,
dep_17596,دار عائشة رضي الله عنها,,,,
dep_17595,دار حفصة رضي الله عنها,,,,
dep_17594,دار خديجة رضي الله عنها,,,,
dep_17572,معهد الفرقان لإعداد معلمات القران,,,,
dep_17571,دار ام المؤمنين ام سلمه,,,,
dep_17570,دار ام المؤمنين عائشة الصباحية,,,,
dep_17569,روضة دار الأنجال,,,,
dep_17567,دار ام المؤمنين خديجة,,,,
dep_17566,دار ام المؤمنين ميمونة,,,,
dep_17565,دار الفلاح,,,,
dep_17564,دار ام المؤمنين عائشة المسائية,,,,
dep_17534,سمية ( أم عمار),,,,
dep_17509,ابتدائية ومتوسطة زياد,,,,
dep_17508,ابتدائية العطيان,,,,
dep_17507,متوسطة وثانوية أسفل الباطن,,,,
dep_17506,حفصة بنت عمر رضي الله عنها,,,,
dep_17505,عائشة رضي الله عنها,,,,
dep_17504,خديجة بنت خويلد رضي الله عنها,,,,
dep_17477,دار أم المؤمنين عائشة ,,,,
dep_17476,دار صفية,,,,
dep_17475,دار أبو حيمد,,,,
dep_17456,مجمع خريمان الشغار,,,,
dep_17455,مجمع أبو جلال للبنات,,,,
dep_17454,المستجدة للبنات,,,,
dep_17453,الابتدائية الثالثة عشرة,,,,
dep_17452,الابتدائية السادسة,,,,
dep_17451,الابتدائية الاولى بالدوادمي,,,,
dep_17450,الابتدائية الثالثة,,,,
dep_17449,الابتدائية الاولى بمركز مصدة,,,,
dep_17448,دار أم المؤمنين حفصة رضي الله عنها بنفي,,,,
dep_17447,دار أم المؤمنين أم سلمة رضي الله عنها بعرجاء ,,,,
dep_17446,دار أم المؤمنين عائشة رضي الله عنها,,,,
dep_17445,دار فاطمة رضي الله عنها ,,,,
dep_17438,الأميرة البندري آل سعود ,,,,
dep_17437,البليهد ,,,,
dep_17436,المانع ,,,,
dep_17435,السعد الصباحية ,,,,
dep_17434,البيان ,,,,
dep_17433,ام المؤمنين عائشة رضي الله عنها ,,,,
dep_17432,الجميح ,,,,
dep_17431,طيبة ,,,,
dep_17430,يوسف بن شرار,,,,
dep_17421,دار الهدى,,,,
dep_17420,دار البيان المسائية,,,,
dep_17419,دار البيان الصباحية,,,,
dep_17418,دار النور المسائية,,,,
dep_17417,دار النور الصباحية,,,,
dep_17416,دار القرآن المسائية,,,,
dep_17415,دار القرآن الكريم الصباحية,,,,
dep_17404,دار ام سلمه,,,,
dep_17403,دار المرشد,,,,
dep_17400,دارحفصة,,,,
dep_17355,جامع نجخ,,,,
dep_17354,مسجد جهام,,,,
dep_17353,مسجد عصماء,,,,
dep_17352,مسجد الرفايع,,,,
dep_17351,مسجد النور,,,,
dep_17350,مسجد الصديق,,,,
dep_17302,ابن الشيخ,,,,
dep_17301,حلقات القرينة للبنين,,,,
dep_17300,حلقات ملهم للبنين,,,,
dep_17263,سعد بن أبي وقاص,,,,
dep_17260,عبدالله بن عباس,,,,
dep_17259,أبو عبيدة عامر بن الجراح,,,,
dep_17258,زيد بن الخطاب,,,,
dep_17252,عبد الرحمن بن صخر,,,,
dep_17230,السماري,,,,
dep_17226,السعيدان,,,,
dep_17225,الخالدية,,,,
dep_17222,الترمذي,,,,
dep_17221,آل سعيد,,,,
dep_17219,الامير سلمان بن محمد,,,,
dep_17218,إمام الدعوة,,,,
dep_17217,ابن خنين,,,,
dep_17216,الحمد,,,,
dep_17214,الوسطة,,,,
dep_17213,الأخماس,,,,
dep_17212,الجدوع,,,,
dep_17211,الشفا,,,,
dep_17210,التوفيق,,,,
dep_17209,الفلاح,,,,
dep_17208,السلمانية,,,,
dep_17207,الملك عبد العزيز,,,,
dep_17204,آل صقر,,,,
dep_17203,علي بن أبي طالب,,,,
dep_17202,لبده,,,,
dep_17200,مسجد الحقباني,,,,
dep_17172,الوريكية,,,,
dep_17171,سليسان,,,,
dep_17170,الحي الغربي بحديجة,,,,
dep_17169,صقرة,,,,
dep_17168,جامع علي بن أبي طالب,,,,
dep_17167,مسجد الدعوة,,,,
dep_17166,الأمير سلطان ,,,,
dep_17165,الشثينية,,,,
dep_17164,العقيشية,,,,
dep_17163,العدوة ,,,,
dep_17162,كويكب ,,,,
dep_17161,فيضة القوازين,,,,
dep_17160,العلوات,,,,
dep_17159,العويجاء,,,,
dep_17158,عمربن الخطاب,,,,
dep_17157,ابن باز ,,,,
dep_17155,جامع العويجاء,,,,
dep_17154,مسجد الدعوة ,,,,
dep_17153,مسجد الثامرية ,,,,
dep_17152,الفيصلية ,,,,
dep_17151,مجمع أبوبكر الصديق,,,,
dep_17133,ملهي بن هشال,,,,
dep_17131,بن طالب ,,,,
dep_17130,الصامل ,,,,
dep_17128,العباس,,,,
dep_17127,العمار,,,,
dep_17126,البركة,,,,
dep_17125,ابن غطيش ,,,,
dep_17123,علي بن الحسين,,,,
dep_17122,عبد العزيز بن باز,,,,
dep_17116,جامع الملك عبد العزيز,,,,
dep_17110,العبيسان,,,,
dep_17109,الهويدي,,,,
dep_17103,ابن غطيش,,,,
dep_17102,المرقب,,,,
dep_17100,الطريف,,,,
dep_17070,ابن تيمية,,,,
dep_17068,عبدالله بن المبارك,,,,
dep_17067,أحمد ياسين,,,,
dep_17066,أسامة بن زيد للكبار,,,,
dep_17065,أسامة بن زيد للصغار,,,,
dep_17064,الحسن بن علي,,,,
dep_17061,ابن سعدي,,,,
dep_17059,جعفر بن أبي طالب,,,,
dep_17054,أبوعمرو الشامي,,,,
dep_17053,علي الكسائي,,,,
dep_17052,نافع المدني,,,,
dep_17051,حمزة الكوفي,,,,
dep_17050,حلقات الإتقان,,,,
dep_17040,العباس ,,,,
dep_17039,عبدب الرحمن بن أبي بكر,,,,
dep_17038,جامع الجريوي ,,,,
dep_17036,بشر بن البراء ,,,,
dep_17035,الزهراني,,,,
dep_17034,الشكرة الجنوبي ,,,,
dep_17033,الشفاء ,,,,
dep_17031,الشميمري,,,,
dep_17030,ابن شبرين,,,,
dep_17029,ابن عطيش,,,,
dep_17028,أحمد بن حنبل ,,,,
dep_17027,زيد الخير,,,,
dep_17026,معاذ بن جبل ,,,,
dep_17025,غانم الشمري,,,,
dep_17024,القطنية,,,,
dep_17023,جامع عمر بنب الخطاب - الخالدية,,,,
dep_17022,ثابت بن قيس,,,,
dep_17020,سكن المستشفى,,,,
dep_17019,متلع الشمري ,,,,
dep_17018,عمر بن الخطاب - المصانع,,,,
dep_17016,حمزة بن عبد المطلب ,,,,
dep_17015,طلحة بن عبيد الله ,,,,
dep_17014,عثمان ين عفان - المصانع,,,,
dep_17011,العتبان,,,,
dep_17010,الإمام النووي ,,,,
dep_17009,الإمام الذهبي ,,,,
dep_17008,محمد بن عبد الوهاب,,,,
dep_17003,المهاجرين,,,,
dep_17002,التراضي,,,,
dep_17,ادارة الاستثمار,,,,
dep_16994,مصري بن محمد,,,,
dep_16992,الخضاري الشمالي,,,,
dep_16989,ابن يوسف,,,,
dep_16987,ال تميم,,,,
dep_16986,المستشفى العسكري,,,,
dep_16984,عبدالله بن مسعود,,,,
dep_16983,سعيد بن زيد,,,,
dep_16982,ابن العباس,,,,
dep_16981,الشرافا,,,,
dep_16980,ال ضافي,,,,
dep_16978,النويعمة القديمة,,,,
dep_16974,مبارك القنام,,,,
dep_16973,الرسم,,,,
dep_16972,علي بن ابي طالب,,,,
dep_16970,الشيخ محمد بن سويد,,,,
dep_16969,ال خضاري الشمالي,,,,
dep_16968,سجون الوادي,,,,
dep_16966,الفروانية,,,,
dep_16965,القوز,,,,
dep_16963,ابو بكر الصديق,,,,
dep_16962,ال جناح,,,,
dep_16961,انس بن مالك,,,,
dep_16960,سعد بن ابي وقاص,,,,
dep_16959,ال خضاري الجنوبي,,,,
dep_16957,مبارك عايض العريمة,,,,
dep_16954,كمدة,,,,
dep_16953,الحراقين,,,,
dep_16911,الوسط,,,,
dep_16907,العيينة,,,,
dep_16906,الكلية الحربية,,,,
dep_16905,قوات الامن الخاصة,,,,
dep_16904,جامعة الملك سعود(الطلاب),,,,
dep_16903,جامعة الملك سعود(أعضاء هيئة التدريس,,,,
dep_16902,الخزامى,,,,
dep_16901,عرقة,,,,
dep_16861,جامع الثندوة,,,,
dep_16860,جامع التقوى,,,,
dep_16859,جامع وثيلان,,,,
dep_16858,الجامع الشمالي,,,,
dep_16857,جامع جفن,,,,
dep_16856,جامع مغيب,,,,
dep_16855,جامع أرطاوي الرقاص,,,,
dep_16854,مسجد أبو نوره,,,,
dep_16853,مسجد الربوة,,,,
dep_16852,جامع البواردي,,,,
dep_16851,جامع المسعد,,,,
dep_16850,جامع السكران,,,,
dep_16817,مجمع حلقات المركز التربوي,,,,
dep_16810,سعد بن معاذ,,,,
dep_16804,القاعدة النورانية,,,,
dep_16765,مسجد مركز شويه,,,,
dep_16764,جامع مركز هجرة سعد,,,,
dep_16759,مسجد ش الستين,,,,
dep_16757,مسجد النبطه,,,,
dep_16756,مسجد العزة القديم (عويسان السبيعي),,,,
dep_16753,جامع الشلاش,,,,
dep_16752,مسجد الأمير سعد بن محمد (آل علي),,,,
dep_16751,مسجد منوخ ابوثنين,,,,
dep_16709,البراء بن مالك,,,,
dep_16704,رغبة,,,,
dep_16701,جامع الجارالله,,,,
dep_16661,ابن الجوزي,,,,
dep_16660,ابن عثيمين,,,,
dep_16659,الشافعي,,,,
dep_16658,ابن القيم,,,,
dep_16657,مساعد السديري,,,,
dep_16656,الألباني,,,,
dep_16655,ابن المبارك,,,,
dep_16654,عبدالعزيز السديري,,,,
dep_16653,العبدلية,,,,
dep_16651,ابن قدامة,,,,
dep_16612,أبو بكر الصديق,,,,
dep_16610,جامع المفيجر,,,,
dep_16609,جامع نعام,,,,
dep_16605,البريقعية بنعام,,,,
dep_16603,هيئة الأمر بالمعروف والنهي عن المنكر,,,,
dep_16602,الدفاع المدني,,,,
dep_16601,مجمع الشيخ عبدالرحمن آل فريان ,,,,
dep_16600,مجمع شيخ الإسلام ابن تيمية,,,,
dep_16560,حلقة أنس بن مالك ـ بمركز الداخلة,,,,
dep_16558,حلقة بن كثير,,,,
dep_16555,حلقة الزبير بن العوام,,,,
dep_16554,حلقة عبد الله بن الزبير,,,,
dep_16553,حلقة مصعب بن عمير,,,,
dep_16552,حلقة أبو موسى الأشعري,,,,
dep_16551,حلقة عبدالله بن عمر,,,,
dep_16550,مجمع حلقات الفرقان,,,,
dep_16518,جابر بن عبدالله,,,,
dep_16517,طلحه بن عبدالله,,,,
dep_16516,الباء بن عازب,,,,
dep_16515,انس بن النضر,,,,
dep_16513,الزبير بن العوام ,,,,
dep_16512,عمرو بن العاص ,,,,
dep_16510,الشيماء بنت الحارث مسائي,,,,
dep_16508,الامام الشاطبي,,,,
dep_16507,عبدالله بن عمر ,,,,
dep_16506,عبالرحمن بن عوف,,,,
dep_16505,ابي عبدالرحمن السلمي ,,,,
dep_16504,سلمه بن الاكوع,,,,
dep_16503,ابي ذر الغفاري ,,,,
dep_16501,جعفر بن ابي طالب,,,,
dep_16500,الشيخ ابن فريج ,,,,
dep_16472,حلقة ابن عثيمين بمسجد ال سعيد بخيران,,,,
dep_16470,حلقات جامع خيران,,,,
dep_16460,حلقات جامع تمرة,,,,
dep_16459,مجمع حلقات النور بحي الشيدية,,,,
dep_16457,مجمع الاستقامة,,,,
dep_16456,حلقات جامع ال حنيش في محافظة السيليل,,,,
dep_16455,مجمع حلقات التقوى بالسليل,,,,
dep_16454,خادم القرآن بالسليل,,,,
dep_16453,مجمع الفرقان بجامع الفاران بمحافظة السليل,,,,
dep_16452,حامل المسك في السليل,,,,
dep_16451,أبو بكر الصديق - عمر بن الخطاب,,,,
dep_16450,حلقات الدفاع الجوي,,,,
dep_16428,الإمام السيوطي,,,,
dep_16427,المقداد بن عمرو,,,,
dep_16426,النايفية,,,,
dep_16425,الرزيقية,,,,
dep_16424,مسجد البكر,,,,
dep_16423,الإمام أبو داوود,,,,
dep_16422,البريقا,,,,
dep_16421,الإمام النسائي,,,,
dep_16419,الإمام ابن ماجه,,,,
dep_16417,الإمام ابن ماجه ,,,,
dep_16415,الإمام البخاري,,,,
dep_16413,السيح,,,,
dep_16412,العجلية,,,,
dep_16408,الشيخ عبدالعزيز بن باز,,,,
dep_16406,الموظفين,,,,
dep_16405,مجمع التوحيد ,,,,
dep_16404,النايفية ,,,,
dep_16403,أبي بكر الصديق,,,,
dep_16401,مجمع الفرقان,,,,
dep_16400,الحلقة المميزة,,,,
dep_16399,ربيعة بن مالك,,,,
dep_16396,عبدالله بن حذافة,,,,
dep_16395,عمار بن ياسر,,,,
dep_16394,عمرو بن العاص,,,,
dep_16388,عمر بن الخطاب (ابتدائي),,,,
dep_16386,ابو بكر الصديق (ابتدائي),,,,
dep_16385,عمر بن الخطاب (متوسط),,,,
dep_16384,عمر بن الخطاب (ثانوي),,,,
dep_16382,ابو بكر الصديق (متوسط),,,,
dep_16380,عبدالله بن مسعود (متوسط),,,,
dep_16377,عبدالله بن مسعود (ابتدائي),,,,
dep_16376,رافع بن خديج,,,,
dep_16375,معاوية بن ابي سفيان,,,,
dep_16374,حذيفة بن اليمان (المتوسط),,,,
dep_16372,حذيفة بن اليمان (ثانوي أ),,,,
dep_16371,طلحة بن عبيدالله,,,,
dep_16366,مجمع اليوسف ( جامعيين ),,,,
dep_16365,عمر بن الخطاب ( جامعين ),,,,
dep_16359,عبدالله بن ام مكتوم,,,,
dep_16358,الشيخ محمد ابراهيم,,,,
dep_16356,عبد الله العسكر,,,,
dep_16355,عبدالله الخليفي,,,,
dep_16354,محمد بن عثمين,,,,
dep_16353,محمد الالباني,,,,
dep_16352,احمد الصانع,,,,
dep_16351,عبدالعزيز بن باز,,,,
dep_16350,شيخ الاسلام ابن تيمية,,,,
dep_16335,هند بنت عتبة,,,,
dep_16334,التقوى,,,,
dep_16331,طيبة,,,,
dep_16330,أمامة بنت العاص,,,,
dep_16328,عاتكة بنت عبد المطلب,,,,
dep_16325,فاطمة بنت الخطاب,,,,
dep_16324,خولة بنت حكيم,,,,
dep_16323,أم الفضل,,,,
dep_16320,خديجة  بنت خويلد,,,,
dep_16318,جامع أبي بكر الصديق,,,,
dep_16317,جامع العفج,,,,
dep_16316,جامع الفويلق,,,,
dep_16315,مسجد آل عريج,,,,
dep_16314,مسجد الرفايع ,,,,
dep_16313,مسجد أم آثلة,,,,
dep_16312,مسجد آل جديع,,,,
dep_16311,جامع الفويلق الشمالي,,,,
dep_16309,جامع الروضة بآل سحمان,,,,
dep_16308,مسجد أبي بكر الصديق,,,,
dep_16307,مسجد بلال بن رباح ,,,,
dep_16306,مسجد سلمان الفارسي بالفويلق,,,,
dep_16305,مسجد عمر الفاروق,,,,
dep_16304,مسجد عمر بن عبد العزيز,,,,
dep_16303,مسجد هجرة آل سياف,,,,
dep_16302,مسجد هجرة الخليج,,,,
dep_16301,مسجد الوسيطي,,,,
dep_16266,مجمع الفرعة,,,,
dep_16263,جامع السعودي,,,,
dep_16261,الإمام مسلم,,,,
dep_16259,أبي عبيدة عامر بن الجراح,,,,
dep_16258,زيد بن ثابت,,,,
dep_16256,مصدة,,,,
dep_16255,سعيد بن جبير,,,,
dep_16253,المستشفى العام,,,,
dep_16252,جابر بن عبد الله,,,,
dep_16250,عمر بن الخطاب,,,,
dep_16218,شيخ الإسلام ابن تيمية,,,,
dep_16217,عثمان بن عفان,,,,
dep_16216,حلقة العطار,,,,
dep_16215,عمران بن الحصين,,,,
dep_16211,عمرو بن الجموح,,,,
dep_16210,سعد بن عبادة,,,,
dep_16209,خبيب بن عدي,,,,
dep_16208,أبو موسى الأشعري ,,,,
dep_16207,أبو هريرة ,,,,
dep_16203,حمزة بن عبدالمطلب,,,,
dep_16201,عبدالله بن أبي رواحة,,,,
dep_16185,القرارة,,,,
dep_16184,العلوات بعرجاء,,,,
dep_16183,تراحيب بعرجاء,,,,
dep_16179,الرديفة,,,,
dep_16178,الرفيعه,,,,
dep_16177, الفقارة ,,,,
dep_16176,الخبه,,,,
dep_16175,الحضر,,,,
dep_16174,شيخ الاسلام بنفي,,,,
dep_16173,ابن عثيمين بابو جلال,,,,
dep_16172,أم مطلق,,,,
dep_16171,القزلان,,,,
dep_16170,هذال بن محمد الرويس,,,,
dep_16169,عبدالرحمن بن عوف,,,,
dep_16168,العبداللطيف,,,,
dep_16167,شرق بويريدة,,,,
dep_16165,شمال الإمارة,,,,
dep_16164,ابن محصان,,,,
dep_16158,الراجحي,,,,
dep_16157,الروضة,,,,
dep_16156,ابن حنيف,,,,
dep_16150,الأمير نايف,,,,
dep_16125,مجمع حلقات اشيقر ,,,,
dep_16124,مجمع الشيخ ناصر المانع ,,,,
dep_16123,مجمع الشيخ حمد الربيعة ,,,,
dep_16122,مجمع النور ,,,,
dep_16121,الشيخ عبدالعزيز المهنا ,,,,
dep_16113,مجمع الوقف بالقرائن,,,,
dep_16111,سلمان الفارسي ,,,,
dep_16108,مجمع حلقات ثرمداء,,,,
dep_16105,الـداهــنة ,,,,
dep_16101,مجمع حلقات القصب ,,,,
dep_16065,مسجد النووي,,,,
dep_16064,مسجد الشوكاني,,,,
dep_16062,مسجد الأوزاعي,,,,
dep_16061,جامع عبدالعزيز الجوير,,,,
dep_16060,جامع محمد بن إبراهيم,,,,
dep_16059,جامع العذل,,,,
dep_16057,مسجد الأحنف بن قيس,,,,
dep_16056,جامع الامام فيصل بن تركي,,,,
dep_16055,جامع الملك عبدالعزيز,,,,
dep_16053,أبي مسعود البدري,,,,
dep_16052,الفالح,,,,
dep_16051,جامع عبدالله بن نوفل,,,,
dep_16050,جامع الفرقان,,,,
dep_16005,حلقات مبايض,,,,
dep_16004,حلقات ام ارجوم,,,,
dep_16003,حلقات الحفنه,,,,
dep_16002,حلقة ابن باز,,,,
dep_16001,مدرسة تحفيظ القران بالعزيزية,,,,
dep_16,مكتب نائب الرئيس,,,,
dep_15009,الجوهرة  - صباحية,,,,
dep_14320,قسم الاختبارت-  والمسابقات القسم النسائي,,,,
dep_14303,ام الطفيل مسائي,,,,
dep_136,رماح,,,,
dep_13544, الأميره الجوهرة - مسائي,,,,
dep_13431,منيرة الحميد -مجمع مسك النموذجي-,,,,
dep_13427,معاذ بن جبل (العزيزية),,,,
dep_13426,الفرج,,,,
dep_13425,الدار البيضاء (1),,,,
dep_13423,فهد الحسين,,,,
dep_13418,الناصر,,,,
dep_13417,معاذ بن جبل (الدار البيضاء),,,,
dep_13403,والدة الأمير ماجد بن عبد العزيز,,,,
dep_13348,مسجد المشوح,,,,
dep_13347,جامع المحيسن,,,,
dep_13346,إبراهيم الدريس,,,,
dep_13345,جامع فهد الهريش,,,,
dep_13340,معيض آل سلطان,,,,
dep_13338,قرطبة الغربية,,,,
dep_13336,لطيفه,,,,
dep_13334,مسجد الإحسان,,,,
dep_13333,حلقات رياض الجنان,,,,
dep_13331,عبدالله سليمان العقيل,,,,
dep_13326,إبراهيم الخليل,,,,
dep_13325,جامع منيرة العريفي,,,,
dep_13318,مسجد عمير بن وهب,,,,
dep_13317,عبدالله العتيبي,,,,
dep_13312,لطيفة آل الشيخ,,,,
dep_13308,جامع أم خالد العساف,,,,
dep_13303,أبي يوسف العطير,,,,
dep_13302,خالد المليحي,,,,
dep_13203,أحمد القبس,,,,
dep_13201,موضي السعيدان,,,,
dep_13163,سيد الشهداء,,,,
dep_13162,عبد العزيز الفايز,,,,
dep_13160,حطين,,,,
dep_13156,المهندس عبد الرحمن الخناني,,,,
dep_13155,عبد العزيز الشلفان,,,,
dep_13152,المنار,,,,
dep_13151,حلقات الصفوة بمسجد هيا الحسن,,,,
dep_13144,إسكان هئية أعضاء تدريس جامعة الإمام,,,,
dep_13138,معاذ بن جبل,,,,
dep_13137,هيا بنت ناصر الجديد,,,,
dep_13134,الربيع,,,,
dep_13132,أحد,,,,
dep_13127,عبد الله الحصيني,,,,
dep_13120, ابن سعيدان,,,,
dep_13113,علي بلشرف,,,,
dep_13111,سكن التحلية العائلي,,,,
dep_13107, والدة الأمير عبد العزيز بن فهد,,,,
dep_13103,عبد الله الفارس,,,,
dep_13022,القريشية,,,,
dep_13017,غمامة,,,,
dep_13016,العرفج,,,,
dep_13012,الملك عبدالله,,,,
dep_13011,أبوهريرة,,,,
dep_13010,أويس القرني (ملتقى الأربعين),,,,
dep_13008,الصبيخ,,,,
dep_13006,العضيب,,,,
dep_13005,الشليخة,,,,
dep_13003,روح الحياة بمسجد غبيراء العام,,,,
dep_13000,جامع البويب,,,,
dep_130,محافظة السليل,,,,
dep_12908,الحروب,,,,
dep_12904,محمد الحقيل ,,,,
dep_12903,اليرموك,,,,
dep_12902,الكلية,,,,
dep_12900,عبدالعزيز البراهيم,,,,
dep_12820,جامع الشيخ صالح العريفي,,,,
dep_12809,جامع عمر بن عبدالعزيز1 بحي صياح - مجمع قرآني ,,,,
dep_12803,بلال بن رباح,,,,
dep_12799,جامع سيد الشهداء - الحلقات الرائدة,,,,
dep_12797,الشيخ محمد بن عبدالوهاب,,,,
dep_12792,أحمد بن تيمية,,,,
dep_12789,جامع ابن باز - مجمع إسكان الحرس الوطني النموذجي,,,,
dep_12787,جامع الملك سلمان بن عبدالعزيز,,,,
dep_12782,جامع الحبيش,,,,
dep_12779,قتيبة بن مسلم,,,,
dep_12778,جامع القدس,,,,
dep_12775,إسكان وزارة الخارجية,,,,
dep_12772,مجمع حلقات الرحمانية لتعليم القرآن الكريم ,,,,
dep_12771,العقارية,,,,
dep_12761,مسجد الإمام أحمد بن حنبل,,,,
dep_12760,ابن كثير,,,,
dep_12759,دباس العتيبي,,,,
dep_12751,مسجد الرميح,,,,
dep_12750,عبدالله الجعيثن,,,,
dep_12743,مسجد الامام البخاري,,,,
dep_12742,عبد الله بن سلمة,,,,
dep_12740,جامع التوحيد - الحلقات الرائدة,,,,
dep_12725,جامع الحمودي,,,,
dep_12720,الدويش - أسامة بن زيد,,,,
dep_12716,خالد ابا حسين,,,,
dep_12712,حلقات جامع إمام الدعوة,,,,
dep_12706,جامع الفدا,,,,
dep_12704,جامع عثمان بن عفان,,,,
dep_12700,مسجد الشيخ صالح الراجحي,,,,
dep_12600,عبدالله العمار,,,,
dep_12523,سلمان الفارسي,,,,
dep_12508,المحيسن,,,,
dep_12505,نوار العتيبي,,,,
dep_12501,مطلق العتيبي,,,,
dep_12498,عبدالعزيز العريفي مسائي,,,,
dep_12496,الطرادية,,,,
dep_12493,جعفر الطيار رضي الله عنه,,,,
dep_12486,الشيخ محمد بن عثيمين مسائي,,,,
dep_12476,الإخلاص مسائي,,,,
dep_12430,لطيفة الفضل ,,,,
dep_12429,طارق مراد ,,,,
dep_12415,أم ثابت الأنصارية,,,,
dep_12414,ابن دريب,,,,
dep_12408,مجمع الهدى بجامع المهنا,,,,
dep_12405,عكاشة بن محصن,,,,
dep_12404,أبي بن كعب حلقات مسجد القحطاني,,,,
dep_12400,جامع عثمان بن عفان - مجمع اسكان الحرس التعليمي النموذجي,,,,
dep_12390,ضواي العيتبي,,,,
dep_12389,ابي حنيفة,,,,
dep_12388,الفاروق,,,,
dep_12387,الزبير بن العوام,,,,
dep_12386,مسجد أحمد الزهراني ( الغنامية ),,,,
dep_12383,الغنام,,,,
dep_12382,جامع ابن عبد الوهاب (العزيزيه) -مجمع مسك النموذجي-,,,,
dep_12381,مسجد الحربي (العزيزية),,,,
dep_12377,عبدالعزيز الطياش,,,,
dep_12376,محمد بن سعيدان,,,,
dep_12366,حي الحمراء,,,,
dep_12363,مسجد عمر بن عبدالعزيز,,,,
dep_12352,حلقات الاميرة سلطانه بنت عبدالعزيز رحمها الله,,,,
dep_12351,الشيخ فهد بن علي آل إسماعيل,,,,
dep_12347,عائشة بنت أبي بكر,,,,
dep_12343,حي بدر الثاني,,,,
dep_12342,السليم,,,,
dep_12330,الحرس,,,,
dep_12329,الأحمــد,,,,
dep_12327,مسجد المســعد (حلقات بصائر) - مجمع قرآني,,,,
dep_12325,حلة بن هــندي - مجمع الفاروق التعليمي,,,,
dep_12323,القرينين الجنوبي - مجمع الفاروق التعليمي,,,,
dep_12299,صالح الرشيد,,,,
dep_12293,نايف الحديثي,,,,
dep_12292,جامع عمر بن الخطاب ,,,,
dep_12291,يوسف الفوزان,,,,
dep_12289,عمر بن الخطاب (3),,,,
dep_12287,مجمع العلماء بجامع حمود التويجري,,,,
dep_12281,سعد بن أبي وقاص(مجمع آل عياف),,,,
dep_12270,أم عبدالعزيز الشثري,,,,
dep_12268,الحسين بن علي,,,,
dep_12266,إبراهيم العريفي,,,,
dep_12264,عمر الفاروق,,,,
dep_12257,عمر بن الخطاب (4),,,,
dep_12255,النور (1),,,,
dep_12251,عبد الرحمن بن عوف,,,,
dep_12247,العرنوس,,,,
dep_12246,الخشمان,,,,
dep_12244,عروة بن الزبير,,,,
dep_12242,حلقات متعب السبيعي,,,,
dep_12236,أبو بكر الصديق (2),,,,
dep_12235,جامع الدريبي,,,,
dep_12234,ابن حزم,,,,
dep_12233,التعاون (2),,,,
dep_12226,ابن خثيلة,,,,
dep_12224,العويضة,,,,
dep_12223,المثلث,,,,
dep_12221,السلامة,,,,
dep_12219,الأمير عبدالعزيز الثنيان (2) _ مجمع الاتقان التعليمي,,,,
dep_12212,الشعيبـي  (2) مجمع الفاروق التعليمي,,,,
dep_12211,الهويمل-(2) - مجمع قرآني,,,,
dep_12206,عودة العودة,,,,
dep_12204,ابن الفارس ,,,,
dep_12201,الراجحي- (5) مجمع الشيخ عبدالعزيز العزمان التعليمي,,,,
dep_12190,الأمير سلطان بن عبدالعزيز,,,,
dep_12188,جامع باجد العتيبي,,,,
dep_12187,محمد عبدالوهاب,,,,
dep_12186,حسين ابوسليمان,,,,
dep_12185,الصحابة,,,,
dep_12184,محمد بن عبدالوهاب,,,,
dep_12181,عبد العزيز بن جلوي,,,,
dep_12179,عوض الحربي,,,,
dep_12142,حمزة بن عبدالمطلب (اسكان الخرج) - مجمع ابن عثيمين النموذجي,,,,
dep_12141,ابن عثيمين -مجمع ابن عثيمين النموذجي,,,,
dep_12134,الغيلان,,,,
dep_12133,مسجد علوش (الحائر),,,,
dep_12129,المزروع  حلقات العساكر,,,,
dep_12078,الخريجي,,,,
dep_12075,أبوعبيدة,,,,
dep_12067,مصعب بن عمير(المنصورة),,,,
dep_12066,الرويتع,,,,
dep_12064,النويصر,,,,
dep_12061,المفيريج,,,,
dep_12060,الأمير عبدالرحمن بن عبدالله,,,,
dep_12059,الحبيب,,,,
dep_12056,الرشودي,,,,
dep_12055,والدة الأمير تركي بن فيصل,,,,
dep_12054,الجميعة 4 (مجمع الوقار التعليمي ),,,,
dep_12049,حي الملك فيصل,,,,
dep_12026,منيرة إبراهيم العثيمين,,,,
dep_12025,خالد بن الوليد,,,,
dep_12023,جامع عبدالمحسن المهيدب ,,,,
dep_12022,جامع أبي عبدالله,,,,
dep_12021,ذات النطاقين - مجمع الوقار التعليمي,,,,
dep_12016,عمر بن عبدالعزيز,,,,
dep_12010,محمد بن سعود الكبير,,,,
dep_12009,جامع  المطلق,,,,
dep_12008,أيوب العوهلي,,,,
dep_12007,قتيبة بن مسلم الباهلي,,,,
dep_12005,الأميرة حصة بنت عبدالعزيز,,,,
dep_120,خولة بنت حكيم صباحي,,,,
dep_12,ادارة الشؤون التعليمية,,,,
dep_11989,مدرسة البواردي ( روضةمجمع البواردي ) الصباحية,,,,
dep_11979,الحافظة صباحي,,,,
dep_11969,الفرقان صباحي ( مركز إعداد الحافظات ),,,,
dep_11960,ام ايوب الانصارية مسائي,,,,
dep_11959,شميله بنت الحارث صباحي,,,,
dep_11951,ام الوليد بنت عمر بن الخطاب مسائي,,,,
dep_11901,رفعة بنت عبدالله مسائي,,,,
dep_11900,العفيفات صباحي,,,,
dep_119,مركز إشراف الدائري الغربي القسم النسائي,,,,
dep_11889,أم عمار - صباحية,,,,
dep_11869,درة بنت أبي سلمة (صباحي),,,,
dep_11860,مدرسة هاجر - مسائية,,,,
dep_11859,أم الفضل بنت الحارث - مسائية,,,,
dep_11857,الشموس بنت أبي عامر - مسائية,,,,
dep_11856,الجوهرة - مسائية,,,,
dep_11854,درة بنت أبي سلمة (مسائية),,,,
dep_11850,أم عمار - مسائية,,,,
dep_11839,أم سليم الأنصارية - صباحية,,,,
dep_11829,الثريا - صباحية,,,,
dep_11827,الزهراوين صباحي,,,,
dep_11822,التقوى صباحي,,,,
dep_11819,روضة براعم بلقيس - صباحية,,,,
dep_11809,ام ابراهيم الخراشي (1) - صباحية,,,,
dep_11804,أسماء بنت يزيد الأنصارية,,,,
dep_11801,زينب بنت خزيمة,,,,
dep_11800,سمية بنت خياط مسائي,,,,
dep_11799,المتقنات - روضة القران - صباحية,,,,
dep_11757,قطوف صباحي,,,,
dep_11750,البيان صباحي,,,,
dep_11730,المحدثين,,,,
dep_11709,قطوف مسائي,,,,
dep_11708,مشرف صباحي,,,,
dep_11707,السلف صباحي,,,,
dep_11706,عاتكة بنت عبدالمطلب صباحي,,,,
dep_11705,البصائر مسائي,,,,
dep_11703,نور القرآن صباحي,,,,
dep_117,مركز إشراف الوسط الشمالي القسم النسائي,,,,
dep_11679,الإيمان صباحي,,,,
dep_11660,الرميصاء بنت ملحان مسائي,,,,
dep_11659,أم المؤمنين صفية بنت حيي صباحي,,,,
dep_11656,فهد العويضة مسائي,,,,
dep_11652,أبو حبيب الشثري مسائي,,,,
dep_11650,الحياة مسائي,,,,
dep_11613,محمد آل حواش مسائي,,,,
dep_11611,مدرسة ام المؤمنين خديجة مسائي,,,,
dep_11610,السلام مسائي,,,,
dep_11609,الريان صباحي,,,,
dep_11607,عبدالعزيز ابن باز مسائي,,,,
dep_11604,البصيره مسائي,,,,
dep_11603,المنتقى صباحي (روضة),,,,
dep_116,مركز إشراف الوسط الجنوبي القسم النسائي,,,,
dep_11599,فاطمة بنت الخطاب صباحي روضة دوح القرآن,,,,
dep_11579,سودة بنت زمعة صباحي روضة الطفل المسلم,,,,
dep_11549,الرميصاء بنت ملحان صباحي,,,,
dep_11546,المحمدية صباحي,,,,
dep_11544,لبابة بنت الحارث صباحي,,,,
dep_11543,الهدى صباحي,,,,
dep_11542,تاج الوقار فرع صلاح الدين صباحي,,,,
dep_11540,الرائد مسائي,,,,
dep_11539,سارة مسائي,,,,
dep_11519,خبيب بن عدي صباحي,,,,
dep_11502,الجليس الصالح مسائي,,,,
dep_11500,نوره بنت محمد مسائي,,,,
dep_115,مركز إشراف الشرق القسم النسائي,,,,
dep_11496,فلذات الأكباد مسائي,,,,
dep_11492,معاذ بن جبل - مسائية,,,,
dep_11487,الذكر - الفاخرية مسائي,,,,
dep_11486,دار الثريا (مسائية),,,,
dep_11483, الهمم مسائي,,,,
dep_11482,بريرة مسائي,,,,
dep_11479,المؤمنات مسائي,,,,
dep_11478,الهداية صباحي,,,,
dep_11476,السلف مسائي,,,,
dep_11471,زينب بنت علي مسائي,,,,
dep_11463,آسية بنت مزاحم مسائي,,,,
dep_11462,ريحانه بنت زيد مسائي,,,,
dep_11459,رياض الجنان صباحي,,,,
dep_11458,نور الهداية مسائي,,,,
dep_11457,فهد العويضة صباحي -الحمراء ,,,,
dep_11456,حفصة بنت عمر صباحي,,,,
dep_11449,الشيماء بنت الحارث صباحي,,,,
dep_11447,سيف العريفي مسائي,,,,
dep_11434,فاطمة بنت محمد مسائي,,,,
dep_11433,أم ثابت الأنصارية مسائي,,,,
dep_11432,زينب بنت محمد مسائي,,,,
dep_11431,الشيخ عبدالله بن عقيل مسائي,,,,
dep_11417,الفرقان مسائي,,,,
dep_11416,الابرار مسائي,,,,
dep_11411,عاتكة بنت عبدالمطلب مسائي,,,,
dep_11409,مجمع حلقات جامع التقوى,,,,
dep_11408,أم الوليد بنت عمر بن الخطاب,,,,
dep_11404,علي الشقحاء,,,,
dep_11402,فهد العويضة,,,,
dep_11401,الزهراء,,,,
dep_114,مركز إشراف الغرب - القسم النسائي,,,,
dep_11398,حسن المصري,,,,
dep_11397,سارة بنت تركي آل سعود,,,,
dep_11393,البلطان,,,,
dep_11387,الربيع - مسائي,,,,
dep_11386,التعاون - مسائي,,,,
dep_11385,أم النجباء لبابة بنت الحارث - مسائي,,,,
dep_11382,الأميرة العنود بنت محمد,,,,
dep_11381,العبيد,,,,
dep_11380,حلقات جامع القرية الثانية,,,,
dep_11379,الفتاة,,,,
dep_11378,الارتقاء,,,,
dep_11377,حمود الذياب - ابن عمر,,,,
dep_11373,خولة بنت حكيم مسائي,,,,
dep_11371,فهد العويضة صباحي,,,,
dep_11367,الشيخ عبدالعزيز بن باز مسائي,,,,
dep_11366,الخيال,,,,
dep_11365,الهداية مسائي,,,,
dep_11364,سمية بنت معبد الخياط مسائي,,,,
dep_11363,الشيخ محمد بن عبد العزيز الراجحي ,,,,
dep_11356,رياض الهداية صباحي,,,,
dep_11355,التقوى - السعادة,,,,
dep_11354,أم سهل بنت عمر المسائية,,,,
dep_11345,الاحسان ,,,,
dep_11339,النبراس مسائي,,,,
dep_11334,جامع أم المؤمنين عائشة,,,,
dep_11331,حبيبة بنت سهل مسائي,,,,
dep_11320, أم إبراهيم الخراشي الاولى- مسائي,,,,
dep_11319,التوحيد - مسائية,,,,
dep_11318, عزة بنت أبي سفيان ـ (مسائية),,,,
dep_11317,المثاني مسائي,,,,
dep_11316, دار العفاف - صباحية,,,,
dep_11315,الخنساء مسائي,,,,
dep_11314,السنة مسائي,,,,
dep_11312,الهجرتين مسائي,,,,
dep_11310,آل عشيوان - مسائية,,,,
dep_11309, الإنشراح مسائي,,,,
dep_11308, الصحيحان مسائي,,,,
dep_11305, خديجة الكاتب ـ (مسائية),,,,
dep_11303, الفجر مسائي,,,,
dep_11302, فاطمة بنت محمد بن عبدالوهاب - مسائية,,,,
dep_113,مركز إشراف الجنوب القسم النسائي,,,,
dep_11299,الصالحات مسائي,,,,
dep_11298,الصالحات صباحي,,,,
dep_11296,أم سليم الأنصارية - مسائية,,,,
dep_11294, أم سلمة (الروضة) صباحي,,,,
dep_11292,أم أيمن المعيزلية مسائي,,,,
dep_11291, حليمة السعدية مسائي,,,,
dep_11290,عمرة بنت عبد الرحمن صباحي,,,,
dep_11289, خولة بنت ثعلبة مسائي,,,,
dep_11288, ذات النطاقين مسائي,,,,
dep_11287,النسيم مسائي,,,,
dep_11286, المتقنات - مسائية,,,,
dep_11284,بلقيس - مسائية,,,,
dep_11281,زاد المسير - مسائية,,,,
dep_11280, أم الفضل بنت الحارث - صباحي,,,,
dep_11278, البشائر - مسائية,,,,
dep_11276, أمهات المؤمنين مسائي,,,,
dep_11275,رياض الجنة مسائي,,,,
dep_11273,تاج الوقار فرع صلاح الدين مسائي,,,,
dep_11270, الذاكرات صباحي,,,,
dep_11269,الهمم مسائي,,,,
dep_11268,رقية مسائي,,,,
dep_11266,المحسنات مسائي,,,,
dep_11265,الضياء مسائي,,,,
dep_11264,البصائر صباحي,,,,
dep_11263, حياة مسائي,,,,
dep_11262, البيان مسائي ,,,,
dep_11261,النهضة صباحي,,,,
dep_11260,درة بنت أبي سلمة مسائي,,,,
dep_11259, الفضائل مسائي,,,,
dep_11256, أم سلمة المصيف صباحي,,,,
dep_11254,الروابي مسائي,,,,
dep_11253,رزينة مسائي,,,,
dep_11252, الإمام محمد بن سعود صباحي,,,,
dep_11250, أم المؤمنين صفية بنت حيي,,,,
dep_11249, نائلة الفرافصة مسائي,,,,
dep_11248, الشيخ عبد الله القرعاوي مسائي,,,,
dep_11247,الجود مسائي,,,,
dep_11246,أم الخير مسائي,,,,
dep_11245, أم أبي ذر مسائي,,,,
dep_11244, أم عمارة الأنصارية مسائي,,,,
dep_11243, أميمة بنت بشر مسائي,,,,
dep_11242, أم معبد,,,,
dep_11239, جويرية بنت الحارث مسائي,,,,
dep_11235, فاطمة بنت الخطاب مسائي,,,,
dep_11233,ذات النطاقين مسائي,,,,
dep_11232,روضة الذاكرات مسائي,,,,
dep_11231,أم كلثوم مسائي,,,,
dep_11230, زينب بنت جحش مسائي,,,,
dep_11229,أم إياس مسائي,,,,
dep_11228,الرميصاء مسائي,,,,
dep_11227, درة بنت أبي سلمة مسائي,,,,
dep_11224,سكينة بنت أبي وقاص مسائي,,,,
dep_11223,أسماء بنت أبي بكر مسائي,,,,
dep_11221,ابن القيم مسائي,,,,
dep_11219,عائشة بنت سليمان الراجحي مسائي,,,,
dep_11217,الريان مسائي,,,,
dep_11213,حمنة بنت جحش مسائي,,,,
dep_11212,عاتكة بنت زيد مسائي,,,,
dep_11210,حبيبه بنت جحش مسائي,,,,
dep_11209,الحافظة مسائي,,,,
dep_11208,نورالقران,,,,
dep_11207,ام سنان الاسلميه مسائي,,,,
dep_11206,البواردي مسائي,,,,
dep_11205,شميله بنت الحارث مسائي,,,,
dep_11204, أروى بنت عبدالمطلب صباحي,,,,
dep_11203, آسيه بنت مزاحم مسائي,,,,
dep_11202, الإحسان مسائي,,,,
dep_11201,روضة سارة صباحي,,,,
dep_11200,رفيدة الأسلمية مسائي,,,,
dep_112,مركز إشراف الروضة القسم النسائي,,,,
dep_11199,الصفدي مسائي,,,,
dep_11198,التاليات مسائي,,,,
dep_11197,الشقائق مسائي,,,,
dep_11196,ضباعة بنت الزبير مسائي,,,,
dep_11195,الاستقامة مسائي,,,,
dep_11194,طيبة مسائي,,,,
dep_11193,المنار مسائي,,,,
dep_11192,نهر العلم مسائي,,,,
dep_11191,الفجر مسائي,,,,
dep_11188,السلام صباحي,,,,
dep_11184, مريم بنت عمران مسائي,,,,
dep_11183, عمرة بنت رواحة مسائي,,,,
dep_11180, الدريهمية مسائي,,,,
dep_11177,البلاغ - مسائية,,,,
dep_11176, خبيب بن عدي مسائي,,,,
dep_11174,فاطمة الزهراء مسائي,,,,
dep_11173, اليرموك - مسائي,,,,
dep_11172,أم عطية الأنصارية - مسائية,,,,
dep_11169,فهد العويضة مسائي -الخليج ,,,,
dep_11168,أم يوسف العطير صباحي,,,,
dep_11167,الحمراء مسائي,,,,
dep_11166, المعرفة مسائي,,,,
dep_11163, الأرقم مسائي -الشهداء ,,,,
dep_11162,أم هانئ مسائي,,,,
dep_11159, الخيرات صباحي,,,,
dep_11156, المؤمنات صباحي,,,,
dep_11155, الرميصاء مسائي,,,,
dep_11154, أم المؤمنين عائشة مسائي,,,,
dep_11153,الرشاد مسائي,,,,
dep_11152, نسيبة بنت كعب مسائي,,,,
dep_11151, الهداية مسائي,,,,
dep_11150,سودة بنت زمعة مسائي,,,,
dep_11149,البينات مسائي,,,,
dep_11146, الشيماء بنت الحارث مسائي,,,,
dep_11144, الوهيبي ,,,,
dep_11143, سيرين القبطية,,,,
dep_11142, أم الكرام السلمية مسائي,,,,
dep_11141, الفتح النسائية - صباحي,,,,
dep_11140, هند بنت عتبة,,,,
dep_11139, الشفاء بنت عبد الله,,,,
dep_11138, تميمة بنت أبي سفيان,,,,
dep_11137,العقيق مسائي,,,,
dep_11136, طرفة الخريف,,,,
dep_11134, الحياء,,,,
dep_11133, الصفوة,,,,
dep_11132, كريمة بنت المقداد,,,,
dep_11131, البشرى,,,,
dep_11130,صفية بنت عبد المطلب,,,,
dep_11129, الأسوة مسائي,,,,
dep_11128, الفلاح مسائي,,,,
dep_11126, الكوثر مسائي,,,,
dep_11125, الحافظات مسائي,,,,
dep_11124,التقوى مسائي,,,,
dep_11123, الزهراوين مسائي,,,,
dep_11122, الصفوة مسائي,,,,
dep_11121, الفضيلة مسائي,,,,
dep_11119, السمو صباحي,,,,
dep_11118, الصابرات مسائي,,,,
dep_11116, الدعوة مسائي,,,,
dep_11115,تاج الوقار فرع الورود صباحي,,,,
dep_11114,المحمدية مسائي,,,,
dep_11113,العروة الوثقى مسائي,,,,
dep_11112, الحكمة مسائي,,,,
dep_11111,أم الحارث الأنصارية,,,,
dep_11110, أم الحارث الانصارية مسائي,,,,
dep_11109,الرائد ,,,,
dep_11108, النور مسائي,,,,
dep_11106, الذكر مسائي,,,,
dep_11104, سكينة مسائي,,,,
dep_11103,أمامة بنت أبي العاص مسائي,,,,
dep_11102,لبابة بنت الحارث مسائي,,,,
dep_11101, الهدى مسائي,,,,
dep_11100, القرآن الكريم مسائي,,,,
dep_111,مركز إشراف الشمال القسم النسائي,,,,
dep_11072,حلقات الشيخ ابراهيم الفرحان بمسجد القاسم,,,,
dep_11071,حلة فهد بن سعود,,,,
dep_11064,المدي,,,,
dep_11061,حلقات جامع الغزي,,,,
dep_11059,سعيد بن زيد ,,,,
dep_11053,الطرباق,,,,
dep_11049,جامع عمر بن الخطاب - مجمع اسكان الحرس التعليمي النموذجي,,,,
dep_11047,أبو هريرة,,,,
dep_11045,حمزة بن عبدالمطلب - السعادة,,,,
dep_11037,الملك سعود,,,,
dep_11036,النجاة مسائي,,,,
dep_11035,الأميرة منيرة بنت عبدالرحمن (2) - مجمع قرآني,,,,
dep_11031,مسجد الفنتوخ - مجمع قرآني,,,,
dep_11024,المقداد بن عمرو ,,,,
dep_11009,حلقات جامع الصفدي,,,,
dep_11006,علي فهد الهزاع,,,,
dep_11004,الأمير فيصل بن سعد,,,,
dep_11002,الأميرة شيخة بنت عبدالعزيز,,,,
dep_110,مركز إشراف العزيزية,,,,
dep_10999,مجمع الشيخ عبدالله القرعاوي بجامع النور - مجمع قرآني,,,,
dep_10993,الأمير خالد بن سعود (1)-البريك,,,,
dep_10989,مسجد أم فهد _ مجمع الرائدة التعليمي,,,,
dep_10988,أحمد بن حنبل ( السعادة ),,,,
dep_10986,عبدالكريم التويجري,,,,
dep_10981,الشيخ / محمد الجوير,,,,
dep_10979,جامع الذياب - زيد بن ثابت,,,,
dep_10978,حلقات جامع عبدالله بن مسعود -رضي الله عنه-,,,,
dep_10976,الدخيل ,,,,
dep_10972,الغفيص ,,,,
dep_10966,عدي بن حاتم,,,,
dep_10965,الإمام أحمد بن حنبل ,,,,
dep_10963,مسجد الهزاع - زاهد,,,,
dep_10958,التوحيد -الشرقي,,,,
dep_10956, الصديق -السعادة,,,,
dep_10955,الحديثي ,,,,
dep_10953,ذي النورين,,,,
dep_10952,عبدالرحمن الدوسري - ابن مسعود ,,,,
dep_10951,ابي بكر الصديق -الروابي,,,,
dep_10949,جامع الصفا,,,,
dep_10946,عبدالله بن مسعود ,,,,
dep_10944,جامع علي بن ابي طالب - مجمع اسكان الحرس التعليمي النموذجي,,,,
dep_10939,حمزه بن عبدالمطلب - الحرس الوطني,,,,
dep_10937,عبدالله بن عباس ,,,,
dep_10934,المنيع ,,,,
dep_10933,صالح الفوزان - مجمع بينات التعليمي النموذجي,,,,
dep_10927,مسجد العيد,,,,
dep_10925,النصيان,,,,
dep_10923,الدخيل,,,,
dep_10922,عمار بن ياسر ,,,,
dep_10921,سنابل,,,,
dep_10915,الحافظ بن رجب الحنبلي,,,,
dep_10913,أبي بكر الصديق ,,,,
dep_10911,ابن خميس مجمع حلقات أخلاق المؤمنين,,,,
dep_10908,محمد الامين الشنقيطي,,,,
dep_10901,اليمامة - الحلقات الرائدة,,,,
dep_109,مركز إشراف الدائري الغربي,,,,
dep_10898,جامع الخالدية,,,,
dep_10896,علي بن أبي طالب ,,,,
dep_10895,الصانع(منفوحة),,,,
dep_10894,محمد بن عبدالله آل الشيخ,,,,
dep_10893,البراء بن عازب,,,,
dep_10891,الأمير متعب بن عبدالعزيز(الفوطه),,,,
dep_10890,مطلق بن شافي ,,,,
dep_10882,ابن القيم ,,,,
dep_10877,بلال بن رباح ,,,,
dep_10875,ابن حجر العسقلاني,,,,
dep_10872,الأمير مصعب بن عبدالله,,,,
dep_10870,الهداية,,,,
dep_10866,الحارثة بن النعمان,,,,
dep_10865,الخباب بن الأرت,,,,
dep_10864,سعد بن الربيع,,,,
dep_10863,مجمع رياض القرآن النموذجي,,,,
dep_10862,حذيفة بن اليمان ,,,,
dep_10860,التقوى بمخطط المزيني,,,,
dep_10856,الغشيان (2) ,,,,
dep_10855, مجمع الخلفاء بمسجد العيد ,,,,
dep_10854,الرويلي,,,,
dep_10853,فيحان,,,,
dep_10851, الإمام أحمد ( آل عبد الله  ),,,,
dep_10848,فهد السبعان,,,,
dep_10847,حصة العريفي,,,,
dep_10843,الفاروق ,,,,
dep_10842, جامع نورة العجلان ,,,,
dep_10841,حلقات أبو موسى الأشعري بمسجد الهادي,,,,
dep_10840,مجمع حلقات جامع الشيخ سليمان القاسم,,,,
dep_10839,جامع الشيخ سليمان العودة,,,,
dep_10838,الغيامة,,,,
dep_10835,الأخوين,,,,
dep_10834,الملك خالد ,,,,
dep_10833,المحيميدي,,,,
dep_10832,الشبل,,,,
dep_10831,عبد الله بن المبارك ,,,,
dep_10830,جرير بن عبد الله,,,,
dep_10824,فيصل بن فهد,,,,
dep_10823,طارق بن زياد ,,,,
dep_10822,مسجد مريم الخريف,,,,
dep_10820,مسجد عبد العزيز بن باز,,,,
dep_10818,ذي النورين ,,,,
dep_10817,الحقباني  (2) - مجمع قرآني,,,,
dep_10815,جامع وحلقات سهل بن سعد رضي الله عنه,,,,
dep_10814,جامع اليمامة الجنوبي,,,,
dep_10813,صالح السديس,,,,
dep_10812,السناني,,,,
dep_10811,عبد الله بن الزبير,,,,
dep_10809,عمر بن عبدالعزيز 2 بحي السويدي,,,,
dep_10805,الهويش,,,,
dep_10802,جابر بن عبدالله الانصاري,,,,
dep_10800,طيبة -مجمع جيل القرآن النموذجي-,,,,
dep_108,مركز إشراف الدائري الشمالي,,,,
dep_10799,ابن نوفل,,,,
dep_10796,النفيسي _ مجمع قرآني _,,,,
dep_10793,المصيريعي,,,,
dep_10791,حلقات أعلام الدعوة بجامع الأمير حسن بن عبدالله آل سعود - مجمع الفريان النموذجي,,,,
dep_10788,عبدالرحمن العساكر,,,,
dep_10784,عبدالكريم الخراشي,,,,
dep_10781, الراجحي ( الوشام ) مجمع الفاروق التعليمي,,,,
dep_10779,الأمير متعب بن عبدالعزيز الغربي,,,,
dep_10778,المديميغ,,,,
dep_10777,حلقات مسجد محمد عوض بن لادن,,,,
dep_10775,نجر الشيباني,,,,
dep_10773,المرافق - مجمع الصفوة التعليمي,,,,
dep_10771,الأمير عبد الرحمن عبد الله (2) ,,,,
dep_10765,حلقات البراء بجامع الأميرة سارة بنت سعد - مجمع الفريان النموذجي,,,,
dep_10763,العبيكان- مجمع قرآني,,,,
dep_10762,علي بن أبي طالب (اسكان الخرج),,,,
dep_10761,خالد بن الوليد ( العزيزية ),,,,
dep_10758,عمر بن الخطاب (اسكان الخرج),,,,
dep_10757,الوالدين ,,,,
dep_10751, حلقات جامع العرفج - مجمع الفريان النموذجي,,,,
dep_10749,الأميرة نورة بنت عبدالعزيز,,,,
dep_10748,أحمد بن حنبل (1),,,,
dep_10746,حلقات خباب بن الأرت بجامع أم هذلول,,,,
dep_10744,راشد عبد الله المبارك,,,,
dep_10743, الامير نايف,,,,
dep_10740,غائب بن خلف,,,,
dep_10733,لطيفة آل الشيخ ,,,,
dep_10727,ابي هريرة,,,,
dep_10722,الدار البيضاء الأوسط,,,,
dep_10717,ابي بكر الصديق (اسكان البحريه),,,,
dep_10716,عمر بن الخطاب (اسكان البحريه),,,,
dep_10714,شيخ الاسلام ابن تيمية (العزيزيه),,,,
dep_10713,أحمد بن حنبل (2),,,,
dep_10712,عبداللطيف جميل (1),,,,
dep_10711,أم عبدالرحمن,,,,
dep_10710,عبدالله الموسى,,,,
dep_10708,خليل السبعان,,,,
dep_10707,محمد بن عبدالوهاب (3),,,,
dep_10702,علي بن أبي طالب (العزيزيه),,,,
dep_10701,موسى بن نصير,,,,
dep_107,مركز إشراف الوسط الشمالي,,,,
dep_10697,الأمير فهد بن سعد,,,,
dep_10696,الأمير محمد بن عبد العزيز - مجمع قرآني,,,,
dep_10695,أبوبكر الصديق(غبيراء),,,,
dep_10694,سعد بن معاذ (الفيصلية),,,,
dep_10693,خبيب بن عدي المدائن,,,,
dep_10692,السنيدي,,,,
dep_10691,عبدالله البصير,,,,
dep_10690,السهول,,,,
dep_10689,جامع الدريهمية  - مجمع قرآني,,,,
dep_10687,سعد بن معاذ (عتيقة),,,,
dep_10686,محمد بن فواز آل عبد الله,,,,
dep_10684,الخريجي الجنوبي,,,,
dep_10681,العز بن عبدالسلام,,,,
dep_10679,الأمير عبدالرحمن بن عبدالعزيز(اليمامة),,,,
dep_10678,والدة الأمير فهد بن محمد الكبير,,,,
dep_10677,العصفور,,,,
dep_10676,البديع,,,,
dep_10674,حلقات جامع الحجاز,,,,
dep_10673,الأميرة الجوهرة  (بنين),,,,
dep_10672,الخرجي,,,,
dep_10670,الأمير تركي بن عبدالعزيز,,,,
dep_10669,الأمير بندر بن محمد آل سعود,,,,
dep_10668,مسجد العقيل الشمالي (جبرة)- مجمع خيركم النموذجي,,,,
dep_10665,الأرقم,,,,
dep_10663,شاطئ العلم بمسجد الراجحي,,,,
dep_10662,فهد بن مقيل,,,,
dep_10661,العقيل الجنوبي - مجمع خيركم النموذجي,,,,
dep_10660,مصعب بن عمير (عتيقة),,,,
dep_10658,آل عشيوان - مجمع خيركم النموذجي,,,,
dep_10657,الطلاسي,,,,
dep_10656,اليحيى,,,,
dep_10654,الشيحية,,,,
dep_10652,فاطمة بنت أسد,,,,
dep_10651,حلقات الصديق -مجمع مسك النموذجي-,,,,
dep_10649,جامع أبو بكر الصديق,,,,
dep_10645,ابن حيان,,,,
dep_10644,الملك خالد (الريل),,,,
dep_10643,الصغير,,,,
dep_10639,الغشيان (1)  ( حلقات اللولؤ المكنون ),,,,
dep_10638,ابي سعيد الخدري,,,,
dep_10634,العقيل(غبيراء),,,,
dep_10633,الإمام الطبري,,,,
dep_10632,الصانع (المصورة),,,,
dep_10631,حلة الأحرار,,,,
dep_10630,العباس بن عبدالمطلب (غبيراء),,,,
dep_10629,الشماسية الجنوبي,,,,
dep_10625,مصعب بن عمير,,,,
dep_10623,عمر بن حسن ال الشيخ,,,,
dep_10621,فيحان بن ملافح,,,,
dep_10620,عقبة بن نافع,,,,
dep_10619,الدرويش,,,,
dep_10618,علي بن المديني,,,,
dep_10617,صلاح الدين الأيوبي ,,,,
dep_10616,المنديل,,,,
dep_10612,جامع العثمان ,,,,
dep_10610,سلطانة بنت تركي السديري,,,,
dep_10607,جامع الإمام البخاري ,,,,
dep_10606,العجيبة,,,,
dep_10603,جامع القدس ,,,,
dep_10602,الإيمان,,,,
dep_106,مركز إشراف الوسط الجنوبي,mk_master_models.City_1,mk_master_models.area_1,mk_master_models.dis_199,mk_master_models.M_1
dep_10597,جامع عائشة بنت أبي بكر ,,,,
dep_10593, آل شرمان,,,,
dep_10592,جامع الحميدي _ مجمع الرائدة التعليمي,,,,
dep_10590, محمد بن سعود العلي,,,,
dep_10588,الملك عبدالعزيز (2) - مجمع قرآني,,,,
dep_10584,الصانع (1) حلقات الفاروق - مجمع قرآني,,,,
dep_10582,حلقات جامع أسامة بن زيد  رضي الله عنه ,,,,
dep_10579,جامع الراجحي بشبرا - مجمع قرآني ,,,,
dep_10578,الحصيني(1),,,,
dep_10577,الأميرة قماشه بنت سعود,,,,
dep_10575,ابن خضير(2),,,,
dep_10573, وزير العدل - مجمع قرآني,,,,
dep_10572,الملك سلمان (1) - مجمع قرآني,,,,
dep_10571,صالح العبدالقادر 1 بسلطانة - مجمع قرآني,,,,
dep_10570,العجلان,,,,
dep_10569,شيخ الإسلام ابن تيمية - مجمع قرآني,,,,
dep_10568,صالح بن عبدالحميد آل الشيخ - مجمع المدينة التعليمي,,,,
dep_10561,الملك عبد العزيز (1) مجمع المدينة التعليمي,,,,
dep_10560,العنوز,,,,
dep_10559,المقيرن (المنصوريات سابقًاً) ,,,,
dep_10556,عبد الله الشدي,,,,
dep_10555,ابن جابر,,,,
dep_10553, ابن نوح,,,,
dep_10548,الحزم,,,,
dep_10545,ابن سعيد (2) حلقات الإبن البار,,,,
dep_10543,الأميرة الجوهرة ,,,,
dep_10541,عبدالله البراهيم ,,,,
dep_10536,أم عبد الرحمن,,,,
dep_10532, ابن جلعود,,,,
dep_10526,جامع محمد بن ماجد مجمع الفرقان التعليمي,,,,
dep_10525,الثنيان (1),,,,
dep_10524,بن دايل,,,,
dep_10521,الأمير عبد الرحمن,,,,
dep_10519,علم دار,,,,
dep_10513,الهادي,,,,
dep_10512,السالم,,,,
dep_10510,الحسن البصري ,,,,
dep_10507,مجمع حلقات الرحمانية ( مسجد عثمان بأم الحمام ),,,,
dep_10506,الأحمري,,,,
dep_10505,الاميره الجوهره بنت الصالح,,,,
dep_10504,الامير بندر بن محمد,,,,
dep_10503,الأمير تركي بن عبد الرحمن,,,,
dep_10502,الاميره حصه السديري,,,,
dep_10501,التركي ,,,,
dep_10500,عمر بن الخطاب ,,,,
dep_10496,أبو هريرة (1),,,,
dep_10493,الأميرة موضي السديري,,,,
dep_10490,الملك خالد,,,,
dep_10489,محمد بن عبدالوهاب ( 4 ),,,,
dep_10485,عبدالعزيز الحلوان,,,,
dep_10475,عبدالرحمن آل فريان,,,,
dep_10472,الفصام,,,,
dep_10469,جامع آل عشيوان,,,,
dep_10468,عبدالعزيز بن باز (1),,,,
dep_10466,عبداللطيف جميل (2),,,,
dep_10465,الجار الله,,,,
dep_10464,الأمير خالد بن سعود / مجمع القراء التعليمي,,,,
dep_10463,فيحان بن هذال بن فهيد- مجمع ابن فهيد النموذجي,,,,
dep_10459,مجمع آل مقرن القرآني,,,,
dep_10458,عماربن ياسر,,,,
dep_10456,الأميرسلطان بن عبد العزيز,,,,
dep_10453,الطاسان,,,,
dep_10451,الصحابة(غبيراء),,,,
dep_10449,الأمير فيصل بن فهد,,,,
dep_10446,إمام الدعوة ,,,,
dep_10445,حلقات واحة القرآن ,,,,
dep_10443,البصير,,,,
dep_10442,الأميرة الجوهرة آل إبراهيم,,,,
dep_10441,ذي النورين عثمان بن عفان _ مجمع تعليمي نموذجي,,,,
dep_10440,أم إبراهيم الذياب,,,,
dep_10437,النور ,,,,
dep_10434,رياض الصالحين ,,,,
dep_10430,محمد بن عثيمين,,,,
dep_10429,الرحمة ,,,,
dep_10424,الحبيشي,,,,
dep_10422,الفرقان ,,,,
dep_10421,الفدا,,,,
dep_10420,الأميرة نورة بنت عبدالله,,,,
dep_10419,عبد اللطيف العبد اللطيف,,,,
dep_10416,أنس بن مالك ,,,,
dep_10414,عثمان محمد العثمان,,,,
dep_10411,ابن القيم الجوزية  lمدارس مغلقة,,,,
dep_10403,منيرة المفيريج,,,,
dep_104,مركز إشراف الغرب,,,,
dep_10399,أبي عبيدة بن الجراح,,,,
dep_10396,جامع عمار بن ياسر ,,,,
dep_10386,اللحيدان,,,,
dep_10381,عبد الرحمن الداخل,,,,
dep_10380,حنين ,,,,
dep_10375,الرشيد,,,,
dep_10374,جامع مها الجميح,,,,
dep_10370,النفيسة,,,,
dep_10368,الشيخ سعد الحبابي,,,,
dep_10367,مجمع الشيخ إبراهيم العريفي لتعليم القران,,,,
dep_10366,الوسيطي,,,,
dep_10365,الأمير سلطان بن عبد العزيز,,,,
dep_10364,غرب وزارة الداخلية,,,,
dep_10363,المنتزه الشمالي,,,,
dep_10362,المنتزه الجديد,,,,
dep_10361,البابطين,,,,
dep_10358,علي بن أبي طالب (خنشليلة),,,,
dep_10356,الربع -مجمع جيل القرآن النموذجي-,,,,
dep_10354,الملك عبدالله - مجمع ابي موسى الاشعري النموذجي,,,,
dep_10353,حمد البادي,,,,
dep_10350,المنتزه الجنوبي,,,,
dep_10346,ثنيان بن فهد الثنيان,,,,
dep_10345,والدة الملك سعود,,,,
dep_10343,الضويان,,,,
dep_10340,الراجحي بالسليمانية,,,,
dep_10339,ابو بكر الصديق ,,,,
dep_10338, الرائد,,,,
dep_10335,سليمان آل الشيخ,,,,
dep_10333,الفوزان (الرويل سابقًا),,,,
dep_10332,زيد بن حارثه ,,,,
dep_10322,السلولي,,,,
dep_10321,علي بن ابي طالب ,,,,
dep_10318,عائشه بنت ابي بكر,,,,
dep_10317,البر والاحسان,,,,
dep_10316,صلاح الدين,,,,
dep_10309,مدرسة التقوى لتحفيظ القران الكريم بمسجد عمر بن الخطاب(منفوحة),,,,
dep_10306,جامع الملك خالد ,,,,
dep_10305,إسكان المعذر,,,,
dep_10300,علي بن ابي طالب(منفوحة),,,,
dep_103,مركز إشراف الجنوب,,,,
dep_10299,الإمام الشاطبي - مجمع الصفوة التعليمي,,,,
dep_10296,مجمع الأبرار بمسجد العرف,,,,
dep_10295,حمود إبراهيم الذياب -عبدالله بن مسعود,,,,
dep_10294,سعد بن معاذ ,,,,
dep_10290,سليمان الحبيب,,,,
dep_10289,سعد بن معاذ (المنصورة),,,,
dep_10288,التقوى ,,,,
dep_10287,الشيخ صالح الغنيم,,,,
dep_10283,عبدالله الحجي,,,,
dep_10280,سليمان الراجحي,,,,
dep_10277,الشعيبي,,,,
dep_10272,أم سليم,,,,
dep_10271,الشيخ محمد ابن عثيمين,,,,
dep_10270,علي بن ابي طالب (اسكان البحريه),,,,
dep_10269,المجمع القرآني بمسجد أبي بن كعب بإسكان القوات البحرية ,,,,
dep_10267,عثمان بن عفان  (إسكان البحرية),,,,
dep_10265,السلوم,,,,
dep_10263,مسجد المعزي - حلقات الجليس الصالح,,,,
dep_10260,سعد بن معاذ (غبيراء),,,,
dep_10257,الفيحاء,,,,
dep_10256,ابراهيم السبعان,,,,
dep_10255,صالح العقيلي,,,,
dep_10254,حلقات الذكر مسجد سعد بن معاذ ,,,,
dep_10253, الامير خالد بن سعود (2)- الزامل,,,,
dep_10250,جامع العساف,,,,
dep_10248,احمد بن حنبل,,,,
dep_10244, الفوارة الجنوبي - مجمع قرآني,,,,
dep_10242,عثمان الصالح - مجمع الشيخ عبدالعزيزالعزمان التعليمي,,,,
dep_10241, بجاد,,,,
dep_10240,المنصور ,,,,
dep_10239,مسجد الخراشي _ مجمع الفرقان التعليمي,,,,
dep_10238,والدة الملك سعود (2)- مجمع  الشيخ عبدالعزيز العزمان التعليمي,,,,
dep_10237,طلال الرشيد,,,,
dep_10236,الراجحي بالملك فهد,,,,
dep_10231,عبدالله بن ناصر,,,,
dep_10228,الجويعد,,,,
dep_10226,مصعب بن عمير-النسيم الغربي,,,,
dep_10224,الفاروق - مجمع نموذجي,,,,
dep_10223,النملة,,,,
dep_10222,حمد السليم,,,,
dep_10220,عبد الله بن مسعود مسجد الإيمان,,,,
dep_10219,التيسير,,,,
dep_10217,الأميرة مضاوي بنت عبدالعزيز,,,,
dep_10215,حلقات جامع القاضي - المجمع النموذجي,,,,
dep_10211,عبد الله المطلق,,,,
dep_10207,الأميرة شاهيناز بنت فيصل آل سعود,,,,
dep_10206,جامع التعاون,,,,
dep_10205,مجمع حلقات البواردي,,,,
dep_10203,حلقات الإمام السعدي بجامع الأميرة دليل بنت عبد الرحمن,,,,
dep_10202,الكعكي,,,,
dep_10201,الملز الجنوبي,,,,
dep_10200,حي الفواز,,,,
dep_102,مركز إشراف الروضة,,,,
dep_10199,العساف,,,,
dep_10188,جامع الفاروق,,,,
dep_10187,إسكان وزارة الداخلية,,,,
dep_10185,مدرسة القادسية الخيرية,,,,
dep_10184,عبد الله بن مرزوق,,,,
dep_10183,الهويش- مجمع المثاني,,,,
dep_10182,النمر,,,,
dep_10180,ابن عقيل,,,,
dep_10179,حسان بن ثابت  (2),,,,
dep_10178,حسان بن ثابت (1),,,,
dep_10177,جامع الدخيل,,,,
dep_10173,الحمراء الشرقية,,,,
dep_10170,حلقات جامع عمر بن الخطاب لتحفيظ القرآن الكريم ,,,,
dep_10169,مسجد أحمد بن حنبل,,,,
dep_10168,جامع بن تيمية / مجمع أحمد بن حنبل التعليمي النموذجي,,,,
dep_10166,خالد بن الوليد ,,,,
dep_10165,الحمدان,,,,
dep_10163, جامع المدينة - مجمع المدينة التعليمي,,,,
dep_10162,الشيخ سعود الدغيثر,,,,
dep_10159,جامع خبيب بن عدي - مجمع قرآني,,,,
dep_10158,المشيقيق - مجمع الفاروق التعليمي,,,,
dep_10155,عبدالله بن سعود _ مجمع الرائدة التعليمي,,,,
dep_10153,الشيخ عبدالله الخريف - مجمع قرآني,,,,
dep_10152,التركي,,,,
dep_10151,التضامن ,,,,
dep_10149, سعد المقرن - مجمع الصفوة التعليمي,,,,
dep_10148,الأمير سلطان بن عبدالعزيز - مجمع قرآني,,,,
dep_10147,جامع بن سعيد  ,,,,
dep_10146,السديري -مجمع جيل القرآن النموذجي-,,,,
dep_10143,ابي بكر الصديق (اسكان الخرج),,,,
dep_10138,الملك عبد العزيز بأم الحمام,,,,
dep_10137,أبي أيوب الانصاري,,,,
dep_10134,التقوى -مجمع جيل القرآن النموذجي-,,,,
dep_10133,جامع  الإيمان _ مجمع الرائدة التعليمي,,,,
dep_10132,عبدالله الزكري,,,,
dep_10131, الخضرمة ( حلقات ابي بن كعب),,,,
dep_10130,الأمير عبدالله بن عبدالرحمن (منفوحة),,,,
dep_10129,مسجد الفالح,,,,
dep_10127,ابن منيع,,,,
dep_10126,الحوامي - مجمع خيركم,,,,
dep_10125,ناصر العبيد,,,,
dep_10124,أبي هريرة,,,,
dep_10123,الشيخ عبدالعزيز آل الشيخ,,,,
dep_10122,الغضية,,,,
dep_10121,وليد بن محمد الدغيثر/ خديجة بنت خويلد-مجمع ابن عثيمين النموذجي,,,,
dep_10119,هارون الرشيد - مجمع بينات التعليمي النموذجي,,,,
dep_10116,جامع علي الهزاع,,,,
dep_10115,الفلاح ,,,,
dep_10112,الراجحي بحى الصفا,,,,
dep_10111,مجمع حلقات جامع الفاروق ,,,,
dep_10106,الأميرة نورة,,,,
dep_10105,الملك عبدالعزيز بالعليا الغربية,,,,
dep_10104,ابي بن كعب بمسجد سليمان آل الشيخ,,,,
dep_10102,الأميرة سارة,,,,
dep_10101,عبد الرحمن الجريوي,,,,
dep_10100,عبد العزيز آل الشيخ,,,,
dep_10097,الحسن البصري,,,,
dep_10088,جامع الفاروق - النسيم الشرقي,,,,
dep_10070,شعبة أم سليم - مجمع الفاروق التعليمي,,,,
dep_10069,الراجحي (4) ,,,,
dep_10065,الأميرة العنود بنت عبدالعزيز آل جلوي,,,,
dep_10063,جامع ابن عدوان - مجمع الاتقان التعليمي,,,,
dep_10062,عبدالله بن حذافه السهمي,,,,
dep_10060,والدة اللواء الفرائضي,,,,
dep_10055,عبدالعزيز الجريان,,,,
dep_10054,حمزة بن عبدالمطلب (2) ,,,,
dep_10053,الخيري,,,,
dep_10051,غزوى المطيري/ مجمع القراء التعليمي,,,,
dep_10048,التنزيل,,,,
dep_10045,مسجد التقوى,,,,
dep_10043,محمد بن صالح بن عثيمين,,,,
dep_10042,عبد الله بن عايض,,,,
dep_10039,آل عبد القادر,,,,
dep_10038,علي بن حسن بن قعود,,,,
dep_10037,مريم الحسن,,,,
dep_10034,العز بن عبد السلام,,,,
dep_10030,بدر,,,,
dep_10029,الأمير محمد بن عبد العزيز,,,,
dep_10023,المرشد,,,,
dep_10021,الحربي,,,,
dep_10017,ابن سيار,,,,
dep_10015,البياشة,,,,
dep_10014,الثليماء,,,,
dep_10008,صلاح الدين الأيوبي,,,,
dep_10007,حصة العمار,,,,
dep_10004,البر,,,,
dep_10002,غاتر تحسين,,,,
dep_10001,سلمان بن دخيل ( عرين سابقاً ),,,,
