سلمان بن دخيل ( عرين سابقاً ),dep_10001
غاتر تحسين,dep_10002
البر,dep_10004
حصة العمار,dep_10007
صلاح الدين الأيوبي,dep_10008
الثليماء,dep_10014
البياشة,dep_10015
ابن سيار,dep_10017
الحربي,dep_10021
الملك خالد,dep_10022
المرشد,dep_10023
الإيمان,dep_10027
الأمير محمد بن عبد العزيز,dep_10029
بدر,dep_10030
العز بن عبد السلام,dep_10034
الجويعد,dep_10036
مريم الحسن,dep_10037
علي بن حسن بن قعود,dep_10038
آل عبد القادر,dep_10039
عبد الله بن عايض,dep_10042
محمد بن صالح بن عثيمين,dep_10043
مسجد التقوى,dep_10045
التنزيل,dep_10048
غزوى المطيري/ مجمع القراء التعليمي,dep_10051
الخيري,dep_10053
حمزة بن عبدالمطلب (2) ,dep_10054
عبدالعزيز الجريان,dep_10055
الأمير سلطان بن عبد العزيز,dep_10056
والدة اللواء الفرائضي,dep_10060
عبدالله بن حذافه السهمي,dep_10062
جامع ابن عدوان - مجمع الاتقان التعليمي,dep_10063
الأميرة العنود بنت عبدالعزيز آل جلوي,dep_10065
الراجحي (4) ,dep_10069
شعبة أم سليم - مجمع الفاروق التعليمي,dep_10070
جامع الفاروق - النسيم الشرقي,dep_10088
الفاروق,dep_10092
الحسن البصري,dep_10097
عبد العزيز آل الشيخ,dep_10100
عبد الرحمن الجريوي,dep_10101
الأميرة سارة,dep_10102
ابي بن كعب بمسجد سليمان آل الشيخ,dep_10104
الملك عبدالعزيز بالعليا الغربية,dep_10105
الأميرة نورة,dep_10106
عثمان بن عفان ,dep_10109
مجمع حلقات جامع الفاروق ,dep_10111
الراجحي بحى الصفا,dep_10112
الفلاح ,dep_10115
جامع علي الهزاع,dep_10116
هارون الرشيد - مجمع بينات التعليمي النموذجي,dep_10119
العز بن عبدالسلام,dep_10120
وليد بن محمد الدغيثر/ خديجة بنت خويلد-مجمع ابن عثيمين النموذجي,dep_10121
الغضية,dep_10122
الشيخ عبدالعزيز آل الشيخ,dep_10123
أبي هريرة,dep_10124
ناصر العبيد,dep_10125
الحوامي - مجمع خيركم,dep_10126
ابن منيع,dep_10127
خالد بن الوليد ,dep_10128
مسجد الفالح,dep_10129
الأمير عبدالله بن عبدالرحمن (منفوحة),dep_10130
 الخضرمة ( حلقات ابي بن كعب),dep_10131
عبدالله الزكري,dep_10132
جامع  الإيمان _ مجمع الرائدة التعليمي,dep_10133
التقوى -مجمع جيل القرآن النموذجي-,dep_10134
أبي أيوب الانصاري,dep_10137
الملك عبد العزيز بأم الحمام,dep_10138
العجلان,dep_10141
ابي بكر الصديق (اسكان الخرج),dep_10143
السديري -مجمع جيل القرآن النموذجي-,dep_10146
جامع بن سعيد  ,dep_10147
الأمير سلطان بن عبدالعزيز - مجمع قرآني,dep_10148
 سعد المقرن - مجمع الصفوة التعليمي,dep_10149
التضامن ,dep_10151
التركي,dep_10152
الشيخ عبدالله الخريف - مجمع قرآني,dep_10153
عبدالله بن سعود _ مجمع الرائدة التعليمي,dep_10155
المشيقيق - مجمع الفاروق التعليمي,dep_10158
جامع خبيب بن عدي - مجمع قرآني,dep_10159
الشيخ سعود الدغيثر,dep_10162
 جامع المدينة - مجمع المدينة التعليمي,dep_10163
الحمدان,dep_10165
خالد بن الوليد ,dep_10166
جامع بن تيمية / مجمع أحمد بن حنبل التعليمي النموذجي,dep_10168
مسجد أحمد بن حنبل,dep_10169
حلقات جامع عمر بن الخطاب لتحفيظ القرآن الكريم ,dep_10170
ذات النطاقين,dep_10171
الحمراء الشرقية,dep_10173
جامع الدخيل,dep_10177
حسان بن ثابت (1),dep_10178
حسان بن ثابت  (2),dep_10179
ابن عقيل,dep_10180
النمر,dep_10182
الهويش- مجمع المثاني,dep_10183
عبد الله بن مرزوق,dep_10184
مدرسة القادسية الخيرية,dep_10185
إسكان وزارة الداخلية,dep_10187
جامع الفاروق,dep_10188
سعيد بن زيد ,dep_10189
مصعب بن عمير,dep_10191
علي بن أبي طالب ,dep_10193
العباس,dep_10195
العساف,dep_10199
حي الفواز,dep_10200
الملز الجنوبي,dep_10201
الكعكي,dep_10202
حلقات الإمام السعدي بجامع الأميرة دليل بنت عبد الرحمن,dep_10203
مجمع حلقات البواردي,dep_10205
جامع التعاون,dep_10206
الأميرة شاهيناز بنت فيصل آل سعود,dep_10207
عبد الله المطلق,dep_10211
عبد الله بن مسعود,dep_10214
حلقات جامع القاضي - المجمع النموذجي,dep_10215
الأميرة مضاوي بنت عبدالعزيز,dep_10217
التيسير,dep_10219
عبد الله بن مسعود مسجد الإيمان,dep_10220
الحسن بن علي,dep_10221
حمد السليم,dep_10222
النملة,dep_10223
الفاروق - مجمع نموذجي,dep_10224
مصعب بن عمير-النسيم الغربي,dep_10226
الجويعد,dep_10228
عبدالله بن ناصر,dep_10231
الراجحي بالملك فهد,dep_10236
طلال الرشيد,dep_10237
والدة الملك سعود (2)- مجمع  الشيخ عبدالعزيز العزمان التعليمي,dep_10238
مسجد الخراشي _ مجمع الفرقان التعليمي,dep_10239
المنصور ,dep_10240
 بجاد,dep_10241
عثمان الصالح - مجمع الشيخ عبدالعزيزالعزمان التعليمي,dep_10242
 الفوارة الجنوبي - مجمع قرآني,dep_10244
احمد بن حنبل,dep_10248
جامع العساف,dep_10250
 الامير خالد بن سعود (2)- الزامل,dep_10253
حلقات الذكر مسجد سعد بن معاذ ,dep_10254
صالح العقيلي,dep_10255
ابراهيم السبعان,dep_10256
الفيحاء,dep_10257
سعد بن معاذ (غبيراء),dep_10260
الفرقان ,dep_10261
مسجد المعزي - حلقات الجليس الصالح,dep_10263
السلوم,dep_10265
عثمان بن عفان  (إسكان البحرية),dep_10267
المجمع القرآني بمسجد أبي بن كعب بإسكان القوات البحرية ,dep_10269
علي بن ابي طالب (اسكان البحريه),dep_10270
الشيخ محمد ابن عثيمين,dep_10271
أم سليم,dep_10272
الشعيبي,dep_10277
سليمان الراجحي,dep_10280
عبدالله الحجي,dep_10283
الخرجي,dep_10284
الشهداء,dep_10285
معاذ بن جبل,dep_10286
الشيخ صالح الغنيم,dep_10287
التقوى ,dep_10288
سعد بن معاذ (المنصورة),dep_10289
سليمان الحبيب,dep_10290
سعد بن معاذ ,dep_10294
حمود إبراهيم الذياب -عبدالله بن مسعود,dep_10295
مجمع الأبرار بمسجد العرف,dep_10296
الإمام الشاطبي - مجمع الصفوة التعليمي,dep_10299
مركز إشراف الروضة,dep_102
علي بن ابي طالب(منفوحة),dep_10300
الفالح,dep_10302
عمرو بن العاص,dep_10304
إسكان المعذر,dep_10305
جامع الملك خالد ,dep_10306
مدرسة التقوى لتحفيظ القران الكريم بمسجد عمر بن الخطاب(منفوحة),dep_10309
علي بن ابي طالب ,dep_10313
صلاح الدين,dep_10316
البر والاحسان,dep_10317
عائشه بنت ابي بكر,dep_10318
عبد الرحمن بن عوف,dep_10319
علي بن ابي طالب ,dep_10321
السلولي,dep_10322
الصديق,dep_10323
الزهراء,dep_10324
الاحسان ,dep_10325
زيد بن حارثه ,dep_10332
الفوزان (الرويل سابقًا),dep_10333
سليمان آل الشيخ,dep_10335
 الرائد,dep_10338
ابو بكر الصديق ,dep_10339
الراجحي بالسليمانية,dep_10340
الضويان,dep_10343
والدة الملك سعود,dep_10345
ثنيان بن فهد الثنيان,dep_10346
المنتزه الجنوبي,dep_10350
حمد البادي,dep_10353
الملك عبدالله - مجمع ابي موسى الاشعري النموذجي,dep_10354
الربع -مجمع جيل القرآن النموذجي-,dep_10356
علي بن أبي طالب (خنشليلة),dep_10358
البابطين,dep_10361
المنتزه الجديد,dep_10362
المنتزه الشمالي,dep_10363
غرب وزارة الداخلية,dep_10364
الأمير سلطان بن عبد العزيز,dep_10365
الوسيطي,dep_10366
مجمع الشيخ إبراهيم العريفي لتعليم القران,dep_10367
الشيخ سعد الحبابي,dep_10368
النفيسة,dep_10370
الإمام مسلم,dep_10372
جامع مها الجميح,dep_10374
الرشيد,dep_10375
عبد العزيز بن باز,dep_10378
مصعب بن عمير ,dep_10379
حنين ,dep_10380
عبد الرحمن الداخل,dep_10381
أبو بكر الصديق ,dep_10384
اللحيدان,dep_10386
جامع عمار بن ياسر ,dep_10396
عبد الله بن الزبير,dep_10397
أبي عبيدة بن الجراح,dep_10399
مركز إشراف الجنوب,dep_103
منيرة المفيريج,dep_10403
ابن القيم الجوزية  lمدارس مغلقة,dep_10411
البراء بن مالك,dep_10412
عثمان محمد العثمان,dep_10414
أنس بن مالك ,dep_10416
عبد اللطيف العبد اللطيف,dep_10419
الأميرة نورة بنت عبدالله,dep_10420
الفدا,dep_10421
الفرقان ,dep_10422
الحبيشي,dep_10424
الهداية,dep_10426
الرحمة ,dep_10429
محمد بن عثيمين,dep_10430
بلال بن رباح ,dep_10431
رياض الصالحين ,dep_10434
النور ,dep_10437
أم إبراهيم الذياب,dep_10440
ذي النورين عثمان بن عفان _ مجمع تعليمي نموذجي,dep_10441
الأميرة الجوهرة آل إبراهيم,dep_10442
البصير,dep_10443
حلقات واحة القرآن ,dep_10445
إمام الدعوة ,dep_10446
الأمير فيصل بن فهد,dep_10449
الصحابة(غبيراء),dep_10451
عمر بن الخطاب ,dep_10452
الطاسان,dep_10453
الأميرسلطان بن عبد العزيز,dep_10456
عماربن ياسر,dep_10458
مجمع آل مقرن القرآني,dep_10459
عائشة بنت أبي بكر,dep_10461
فيحان بن هذال بن فهيد- مجمع ابن فهيد النموذجي,dep_10463
الأمير خالد بن سعود / مجمع القراء التعليمي,dep_10464
الجار الله,dep_10465
عبداللطيف جميل (2),dep_10466
عبدالعزيز بن باز (1),dep_10468
جامع آل عشيوان,dep_10469
الحزم,dep_10471
الفصام,dep_10472
عبدالرحمن آل فريان,dep_10475
عبدالعزيز الحلوان,dep_10485
محمد بن عبدالوهاب ( 4 ),dep_10489
الملك خالد,dep_10490
الأميرة موضي السديري,dep_10493
أبو هريرة (1),dep_10496
مركز إشراف الغرب,dep_104
عمر بن الخطاب ,dep_10500
التركي ,dep_10501
الاميره حصه السديري,dep_10502
الأمير تركي بن عبد الرحمن,dep_10503
الامير بندر بن محمد,dep_10504
الاميره الجوهره بنت الصالح,dep_10505
الأحمري,dep_10506
مجمع حلقات الرحمانية ( مسجد عثمان بأم الحمام ),dep_10507
الحسن البصري ,dep_10510
السالم,dep_10512
الهادي,dep_10513
علم دار,dep_10519
الأمير عبد الرحمن,dep_10521
بن دايل,dep_10524
الثنيان (1),dep_10525
جامع محمد بن ماجد مجمع الفرقان التعليمي,dep_10526
 ابن جلعود,dep_10532
أم عبد الرحمن,dep_10536
عروة بن الزبير,dep_10539
عبدالله البراهيم ,dep_10541
الأميرة الجوهرة ,dep_10543
ابن سعيد (2) حلقات الإبن البار,dep_10545
الحزم,dep_10548
التوحيد (1),dep_10552
 ابن نوح,dep_10553
ابن جابر,dep_10555
عبد الله الشدي,dep_10556
المقيرن (المنصوريات سابقًاً) ,dep_10559
العنوز,dep_10560
الملك عبد العزيز (1) مجمع المدينة التعليمي,dep_10561
صالح بن عبدالحميد آل الشيخ - مجمع المدينة التعليمي,dep_10568
شيخ الإسلام ابن تيمية - مجمع قرآني,dep_10569
العجلان,dep_10570
صالح العبدالقادر 1 بسلطانة - مجمع قرآني,dep_10571
الملك سلمان (1) - مجمع قرآني,dep_10572
 وزير العدل - مجمع قرآني,dep_10573
ابن خضير(2),dep_10575
الأميرة قماشه بنت سعود,dep_10577
الحصيني(1),dep_10578
جامع الراجحي بشبرا - مجمع قرآني ,dep_10579
حلقات جامع أسامة بن زيد  رضي الله عنه ,dep_10582
الصانع (1) حلقات الفاروق - مجمع قرآني,dep_10584
الملك عبدالعزيز (2) - مجمع قرآني,dep_10588
 محمد بن سعود العلي,dep_10590
جامع الحميدي _ مجمع الرائدة التعليمي,dep_10592
 آل شرمان,dep_10593
جامع عائشة بنت أبي بكر ,dep_10597
صلاح الدين الأيوبي ,dep_10601
الإيمان,dep_10602
جامع القدس ,dep_10603
الجوهرة,dep_10604
العجيبة,dep_10606
جامع الإمام البخاري ,dep_10607
جامع الأمير سلطان,dep_10608
سلطانة بنت تركي السديري,dep_10610
جامع العثمان ,dep_10612
المنديل,dep_10616
صلاح الدين الأيوبي ,dep_10617
علي بن المديني,dep_10618
الدرويش,dep_10619
عقبة بن نافع,dep_10620
فيحان بن ملافح,dep_10621
الملك عبد العزيز,dep_10622
عمر بن حسن ال الشيخ,dep_10623
مصعب بن عمير,dep_10625
العباس ,dep_10626
الشماسية الجنوبي,dep_10629
العباس بن عبدالمطلب (غبيراء),dep_10630
حلة الأحرار,dep_10631
الصانع (المصورة),dep_10632
الإمام الطبري,dep_10633
العقيل(غبيراء),dep_10634
ابي سعيد الخدري,dep_10638
الغشيان (1)  ( حلقات اللولؤ المكنون ),dep_10639
عمار بن ياسر ,dep_10641
الصغير,dep_10643
الملك خالد (الريل),dep_10644
ابن حيان,dep_10645
جامع أبو بكر الصديق,dep_10649
حلقات الصديق -مجمع مسك النموذجي-,dep_10651
فاطمة بنت أسد,dep_10652
الشيحية,dep_10654
اليحيى,dep_10656
الطلاسي,dep_10657
آل عشيوان - مجمع خيركم النموذجي,dep_10658
مصعب بن عمير (عتيقة),dep_10660
العقيل الجنوبي - مجمع خيركم النموذجي,dep_10661
فهد بن مقيل,dep_10662
شاطئ العلم بمسجد الراجحي,dep_10663
الأرقم,dep_10665
مسجد العقيل الشمالي (جبرة)- مجمع خيركم النموذجي,dep_10668
الأمير بندر بن محمد آل سعود,dep_10669
الأمير تركي بن عبدالعزيز,dep_10670
الخرجي,dep_10672
الأميرة الجوهرة  (بنين),dep_10673
حلقات جامع الحجاز,dep_10674
البديع,dep_10676
العصفور,dep_10677
والدة الأمير فهد بن محمد الكبير,dep_10678
الأمير عبدالرحمن بن عبدالعزيز(اليمامة),dep_10679
الفريان,dep_10680
العز بن عبدالسلام,dep_10681
عثمان بن عفان,dep_10682
الخريجي الجنوبي,dep_10684
ابن كثير,dep_10685
محمد بن فواز آل عبد الله,dep_10686
سعد بن معاذ (عتيقة),dep_10687
جامع الدريهمية  - مجمع قرآني,dep_10689
السهول,dep_10690
عبدالله البصير,dep_10691
السنيدي,dep_10692
خبيب بن عدي المدائن,dep_10693
سعد بن معاذ (الفيصلية),dep_10694
أبوبكر الصديق(غبيراء),dep_10695
الأمير محمد بن عبد العزيز - مجمع قرآني,dep_10696
الأمير فهد بن سعد,dep_10697
مركز إشراف الوسط الجنوبي,dep_106
موسى بن نصير,dep_10701
علي بن أبي طالب (العزيزيه),dep_10702
عبدالرحمن بن عوف,dep_10704
محمد بن عبدالوهاب (3),dep_10707
خليل السبعان,dep_10708
عبدالله الموسى,dep_10710
أم عبدالرحمن,dep_10711
عبداللطيف جميل (1),dep_10712
أحمد بن حنبل (2),dep_10713
شيخ الاسلام ابن تيمية (العزيزيه),dep_10714
عمر بن الخطاب (اسكان البحريه),dep_10716
ابي بكر الصديق (اسكان البحريه),dep_10717
الدار البيضاء الأوسط,dep_10722
عمر بن عبدالعزيز,dep_10724
ابي هريرة,dep_10727
عبدالله بن عباس ,dep_10731
الدخيل,dep_10732
لطيفة آل الشيخ ,dep_10733
غائب بن خلف,dep_10740
 الامير نايف,dep_10743
راشد عبد الله المبارك,dep_10744
حلقات خباب بن الأرت بجامع أم هذلول,dep_10746
أحمد بن حنبل (1),dep_10748
الأميرة نورة بنت عبدالعزيز,dep_10749
البركات,dep_10750
 حلقات جامع العرفج - مجمع الفريان النموذجي,dep_10751
الوالدين ,dep_10757
عمر بن الخطاب (اسكان الخرج),dep_10758
عمر بن الخطاب ,dep_10760
خالد بن الوليد ( العزيزية ),dep_10761
علي بن أبي طالب (اسكان الخرج),dep_10762
العبيكان- مجمع قرآني,dep_10763
حلقات البراء بجامع الأميرة سارة بنت سعد - مجمع الفريان النموذجي,dep_10765
الأمير عبد الرحمن عبد الله (2) ,dep_10771
المرافق - مجمع الصفوة التعليمي,dep_10773
نجر الشيباني,dep_10775
حلقات مسجد محمد عوض بن لادن,dep_10777
المديميغ,dep_10778
الأمير متعب بن عبدالعزيز الغربي,dep_10779
 الراجحي ( الوشام ) مجمع الفاروق التعليمي,dep_10781
عبدالكريم الخراشي,dep_10784
عبدالرحمن العساكر,dep_10788
حلقات أعلام الدعوة بجامع الأمير حسن بن عبدالله آل سعود - مجمع الفريان النموذجي,dep_10791
المصيريعي,dep_10793
النفيسي _ مجمع قرآني _,dep_10796
ابن نوفل,dep_10799
مركز إشراف الوسط الشمالي,dep_107
طيبة -مجمع جيل القرآن النموذجي-,dep_10800
جابر بن عبدالله الانصاري,dep_10802
الهويش,dep_10805
عمر بن عبدالعزيز 2 بحي السويدي,dep_10809
عبد الله بن الزبير,dep_10811
السناني,dep_10812
صالح السديس,dep_10813
جامع اليمامة الجنوبي,dep_10814
جامع وحلقات سهل بن سعد رضي الله عنه,dep_10815
الحقباني  (2) - مجمع قرآني,dep_10817
ذي النورين ,dep_10818
مسجد عبد العزيز بن باز,dep_10820
مسجد مريم الخريف,dep_10822
طارق بن زياد ,dep_10823
فيصل بن فهد,dep_10824
سعد بن عبادة,dep_10827
الملك سعود,dep_10828
جرير بن عبد الله,dep_10830
عبد الله بن المبارك ,dep_10831
الشبل,dep_10832
المحيميدي,dep_10833
الملك خالد ,dep_10834
الأخوين,dep_10835
حذيفة بن اليمان ,dep_10836
الغيامة,dep_10838
جامع الشيخ سليمان العودة,dep_10839
مجمع حلقات جامع الشيخ سليمان القاسم,dep_10840
حلقات أبو موسى الأشعري بمسجد الهادي,dep_10841
 جامع نورة العجلان ,dep_10842
الفاروق ,dep_10843
حمزة بن عبد المطلب,dep_10846
حصة العريفي,dep_10847
فهد السبعان,dep_10848
 الإمام أحمد ( آل عبد الله  ),dep_10851
جامع التقوى,dep_10852
فيحان,dep_10853
الرويلي,dep_10854
 مجمع الخلفاء بمسجد العيد ,dep_10855
الغشيان (2) ,dep_10856
التقوى بمخطط المزيني,dep_10860
حذيفة بن اليمان ,dep_10862
مجمع رياض القرآن النموذجي,dep_10863
سعد بن الربيع,dep_10864
الخباب بن الأرت,dep_10865
الحارثة بن النعمان,dep_10866
قتيبة بن مسلم,dep_10867
الهداية,dep_10870
جامع الملك خالد,dep_10871
الأمير مصعب بن عبدالله,dep_10872
ابن حجر العسقلاني,dep_10875
بلال بن رباح ,dep_10877
ابن القيم ,dep_10882
جامع الفرقان,dep_10885
مطلق بن شافي ,dep_10890
الأمير متعب بن عبدالعزيز(الفوطه),dep_10891
البراء بن عازب,dep_10893
محمد بن عبدالله آل الشيخ,dep_10894
الصانع(منفوحة),dep_10895
علي بن أبي طالب ,dep_10896
جامع الخالدية,dep_10898
مركز إشراف الدائري الشمالي,dep_108
اليمامة - الحلقات الرائدة,dep_10901
محمد الامين الشنقيطي,dep_10908
ابن خميس مجمع حلقات أخلاق المؤمنين,dep_10911
أبي بكر الصديق ,dep_10913
الحافظ بن رجب الحنبلي,dep_10915
سنابل,dep_10921
عمار بن ياسر ,dep_10922
الدخيل,dep_10923
النصيان,dep_10925
مسجد العيد,dep_10927
صالح الفوزان - مجمع بينات التعليمي النموذجي,dep_10933
المنيع ,dep_10934
عبدالله بن عباس ,dep_10937
حمزه بن عبدالمطلب - الحرس الوطني,dep_10939
الزبير بن العوام,dep_10943
جامع علي بن ابي طالب - مجمع اسكان الحرس التعليمي النموذجي,dep_10944
عبدالله بن مسعود ,dep_10946
جامع الصفا,dep_10949
ابي بكر الصديق -الروابي,dep_10951
عبدالرحمن الدوسري - ابن مسعود ,dep_10952
ذي النورين,dep_10953
الحديثي ,dep_10955
 الصديق -السعادة,dep_10956
التوحيد -الشرقي,dep_10958
خالد بن الوليد ,dep_10962
مسجد الهزاع - زاهد,dep_10963
الإمام أحمد بن حنبل ,dep_10965
عدي بن حاتم,dep_10966
الغفيص ,dep_10972
الدخيل ,dep_10976
حلقات جامع عبدالله بن مسعود -رضي الله عنه-,dep_10978
جامع الذياب - زيد بن ثابت,dep_10979
الشيخ / محمد الجوير,dep_10981
عبدالكريم التويجري,dep_10986
أحمد بن حنبل ( السعادة ),dep_10988
مسجد أم فهد _ مجمع الرائدة التعليمي,dep_10989
عبدالرحمن الداخل,dep_10991
الأمير خالد بن سعود (1)-البريك,dep_10993
مجمع الشيخ عبدالله القرعاوي بجامع النور - مجمع قرآني,dep_10999
مركز إشراف الدائري الغربي,dep_109
الأميرة شيخة بنت عبدالعزيز,dep_11002
الأمير فيصل بن سعد,dep_11004
علي فهد الهزاع,dep_11006
حلقات جامع الصفدي,dep_11009
الشلوي,dep_11021
المقداد بن عمرو ,dep_11024
عمر بن الخطاب ,dep_11029
مسجد الفنتوخ - مجمع قرآني,dep_11031
الأميرة منيرة بنت عبدالرحمن (2) - مجمع قرآني,dep_11035
النجاة مسائي,dep_11036
الملك سعود,dep_11037
حمزة بن عبدالمطلب - السعادة,dep_11045
أبو هريرة,dep_11047
جامع عمر بن الخطاب - مجمع اسكان الحرس التعليمي النموذجي,dep_11049
الطرباق,dep_11053
الشيخ عبدالعزيز بن باز,dep_11058
سعيد بن زيد ,dep_11059
حلقات جامع الغزي,dep_11061
الرشودي,dep_11063
المدي,dep_11064
حلة فهد بن سعود,dep_11071
حلقات الشيخ ابراهيم الفرحان بمسجد القاسم,dep_11072
مركز إشراف العزيزية,dep_110
 القرآن الكريم مسائي,dep_11100
 الهدى مسائي,dep_11101
لبابة بنت الحارث مسائي,dep_11102
أمامة بنت أبي العاص مسائي,dep_11103
 سكينة مسائي,dep_11104
 الذكر مسائي,dep_11106
 النور مسائي,dep_11108
الرائد ,dep_11109
 أم الحارث الانصارية مسائي,dep_11110
أم الحارث الأنصارية,dep_11111
 الحكمة مسائي,dep_11112
العروة الوثقى مسائي,dep_11113
المحمدية مسائي,dep_11114
تاج الوقار فرع الورود صباحي,dep_11115
 الدعوة مسائي,dep_11116
 الصابرات مسائي,dep_11118
 السمو صباحي,dep_11119
 الفضيلة مسائي,dep_11121
 الصفوة مسائي,dep_11122
 الزهراوين مسائي,dep_11123
التقوى مسائي,dep_11124
 الحافظات مسائي,dep_11125
 الكوثر مسائي,dep_11126
 الفلاح مسائي,dep_11128
 الأسوة مسائي,dep_11129
صفية بنت عبد المطلب,dep_11130
 البشرى,dep_11131
 كريمة بنت المقداد,dep_11132
 الصفوة,dep_11133
 الحياء,dep_11134
 طرفة الخريف,dep_11136
العقيق مسائي,dep_11137
 تميمة بنت أبي سفيان,dep_11138
 الشفاء بنت عبد الله,dep_11139
 هند بنت عتبة,dep_11140
 الفتح النسائية - صباحي,dep_11141
 أم الكرام السلمية مسائي,dep_11142
 سيرين القبطية,dep_11143
 الوهيبي ,dep_11144
 الشيماء بنت الحارث مسائي,dep_11146
الشيماء بنت الحارث مسائي,dep_11148
البينات مسائي,dep_11149
سودة بنت زمعة مسائي,dep_11150
 الهداية مسائي,dep_11151
 نسيبة بنت كعب مسائي,dep_11152
الرشاد مسائي,dep_11153
 أم المؤمنين عائشة مسائي,dep_11154
 الرميصاء مسائي,dep_11155
 المؤمنات صباحي,dep_11156
 الخيرات صباحي,dep_11159
أم هانئ مسائي,dep_11162
 الأرقم مسائي -الشهداء ,dep_11163
الشيماء بنت الحارث صباحي,dep_11164
 المعرفة مسائي,dep_11166
الحمراء مسائي,dep_11167
أم يوسف العطير صباحي,dep_11168
فهد العويضة مسائي -الخليج ,dep_11169
أم عطية الأنصارية - مسائية,dep_11172
 اليرموك - مسائي,dep_11173
فاطمة الزهراء مسائي,dep_11174
 خبيب بن عدي مسائي,dep_11176
البلاغ - مسائية,dep_11177
 الدريهمية مسائي,dep_11180
 عمرة بنت رواحة مسائي,dep_11183
 مريم بنت عمران مسائي,dep_11184
محمد بن عبدالوهاب,dep_11185
السلام صباحي,dep_11188
الفجر مسائي,dep_11191
نهر العلم مسائي,dep_11192
المنار مسائي,dep_11193
طيبة مسائي,dep_11194
الاستقامة مسائي,dep_11195
ضباعة بنت الزبير مسائي,dep_11196
الشقائق مسائي,dep_11197
التاليات مسائي,dep_11198
الصفدي مسائي,dep_11199
مركز إشراف الشمال القسم النسائي,dep_111
رفيدة الأسلمية مسائي,dep_11200
روضة سارة صباحي,dep_11201
 الإحسان مسائي,dep_11202
 آسيه بنت مزاحم مسائي,dep_11203
 أروى بنت عبدالمطلب صباحي,dep_11204
شميله بنت الحارث مسائي,dep_11205
البواردي مسائي,dep_11206
ام سنان الاسلميه مسائي,dep_11207
نورالقران,dep_11208
الحافظة مسائي,dep_11209
حبيبه بنت جحش مسائي,dep_11210
عاتكة بنت زيد مسائي,dep_11212
حمنة بنت جحش مسائي,dep_11213
حفصة بنت عمر مسائي,dep_11214
الريان مسائي,dep_11217
عائشة بنت سليمان الراجحي مسائي,dep_11219
ابن القيم مسائي,dep_11221
نور الهداية مسائي,dep_11222
أسماء بنت أبي بكر مسائي,dep_11223
سكينة بنت أبي وقاص مسائي,dep_11224
 درة بنت أبي سلمة مسائي,dep_11227
الرميصاء مسائي,dep_11228
أم إياس مسائي,dep_11229
 زينب بنت جحش مسائي,dep_11230
أم كلثوم مسائي,dep_11231
روضة الذاكرات مسائي,dep_11232
ذات النطاقين مسائي,dep_11233
 فاطمة بنت الخطاب مسائي,dep_11235
 جويرية بنت الحارث مسائي,dep_11239
 أم معبد,dep_11242
 أميمة بنت بشر مسائي,dep_11243
 أم عمارة الأنصارية مسائي,dep_11244
 أم أبي ذر مسائي,dep_11245
أم الخير مسائي,dep_11246
الجود مسائي,dep_11247
 الشيخ عبد الله القرعاوي مسائي,dep_11248
 نائلة الفرافصة مسائي,dep_11249
 أم المؤمنين صفية بنت حيي,dep_11250
 الإمام محمد بن سعود صباحي,dep_11252
رزينة مسائي,dep_11253
الروابي مسائي,dep_11254
 أم سلمة المصيف صباحي,dep_11256
خولة بنت حكيم مسائي,dep_11258
 الفضائل مسائي,dep_11259
درة بنت أبي سلمة مسائي,dep_11260
النهضة صباحي,dep_11261
 البيان مسائي ,dep_11262
 حياة مسائي,dep_11263
البصائر صباحي,dep_11264
الضياء مسائي,dep_11265
المحسنات مسائي,dep_11266
رقية مسائي,dep_11268
الهمم مسائي,dep_11269
 الذاكرات صباحي,dep_11270
تاج الوقار فرع صلاح الدين مسائي,dep_11273
رياض الجنة مسائي,dep_11275
 أمهات المؤمنين مسائي,dep_11276
 البشائر - مسائية,dep_11278
 أم الفضل بنت الحارث - صباحي,dep_11280
زاد المسير - مسائية,dep_11281
بلقيس - مسائية,dep_11284
 المتقنات - مسائية,dep_11286
النسيم مسائي,dep_11287
 ذات النطاقين مسائي,dep_11288
 خولة بنت ثعلبة مسائي,dep_11289
عمرة بنت عبد الرحمن صباحي,dep_11290
 حليمة السعدية مسائي,dep_11291
أم أيمن المعيزلية مسائي,dep_11292
 أم سلمة (الروضة) صباحي,dep_11294
أم سليم الأنصارية - مسائية,dep_11296
الصالحات صباحي,dep_11298
الصالحات مسائي,dep_11299
مركز إشراف الروضة القسم النسائي,dep_112
اقرأ مسائي,dep_11300
 فاطمة بنت محمد بن عبدالوهاب - مسائية,dep_11302
 الفجر مسائي,dep_11303
 خديجة الكاتب ـ (مسائية),dep_11305
 الصحيحان مسائي,dep_11308
 الإنشراح مسائي,dep_11309
آل عشيوان - مسائية,dep_11310
الهجرتين مسائي,dep_11312
السنة مسائي,dep_11314
الخنساء مسائي,dep_11315
 دار العفاف - صباحية,dep_11316
المثاني مسائي,dep_11317
 عزة بنت أبي سفيان ـ (مسائية),dep_11318
التوحيد - مسائية,dep_11319
 أم إبراهيم الخراشي الاولى- مسائي,dep_11320
فهد العويضة مسائي,dep_11330
حبيبة بنت سهل مسائي,dep_11331
جامع أم المؤمنين عائشة,dep_11334
النبراس مسائي,dep_11339
الاحسان ,dep_11345
أم سهل بنت عمر المسائية,dep_11354
التقوى - السعادة,dep_11355
رياض الهداية صباحي,dep_11356
الشيخ محمد بن عبد العزيز الراجحي ,dep_11363
سمية بنت معبد الخياط مسائي,dep_11364
الهداية مسائي,dep_11365
الخيال,dep_11366
الشيخ عبدالعزيز بن باز مسائي,dep_11367
فهد العويضة صباحي,dep_11371
خولة بنت حكيم مسائي,dep_11373
حمود الذياب - ابن عمر,dep_11377
الارتقاء,dep_11378
الفتاة,dep_11379
حلقات جامع القرية الثانية,dep_11380
العبيد,dep_11381
الأميرة العنود بنت محمد,dep_11382
أم النجباء لبابة بنت الحارث - مسائي,dep_11385
التعاون - مسائي,dep_11386
الربيع - مسائي,dep_11387
البلطان,dep_11393
سارة بنت تركي آل سعود,dep_11397
حسن المصري,dep_11398
مركز إشراف الجنوب القسم النسائي,dep_113
خالد بن الوليد,dep_11400
الزهراء,dep_11401
فهد العويضة,dep_11402
علي الشقحاء,dep_11404
أم الوليد بنت عمر بن الخطاب,dep_11408
مجمع حلقات جامع التقوى,dep_11409
عاتكة بنت عبدالمطلب مسائي,dep_11411
الابرار مسائي,dep_11416
الفرقان مسائي,dep_11417
الشيخ عبدالله بن عقيل مسائي,dep_11431
زينب بنت محمد مسائي,dep_11432
أم ثابت الأنصارية مسائي,dep_11433
فاطمة بنت محمد مسائي,dep_11434
سيف العريفي مسائي,dep_11447
الشيماء بنت الحارث صباحي,dep_11449
أحد,dep_11452
حفصة بنت عمر صباحي,dep_11456
فهد العويضة صباحي -الحمراء ,dep_11457
نور الهداية مسائي,dep_11458
رياض الجنان صباحي,dep_11459
ريحانه بنت زيد مسائي,dep_11462
آسية بنت مزاحم مسائي,dep_11463
زينب بنت علي مسائي,dep_11471
السلف مسائي,dep_11476
الهداية صباحي,dep_11478
المؤمنات مسائي,dep_11479
بريرة مسائي,dep_11482
 الهمم مسائي,dep_11483
دار الثريا (مسائية),dep_11486
الذكر - الفاخرية مسائي,dep_11487
معاذ بن جبل - مسائية,dep_11492
فلذات الأكباد مسائي,dep_11496
مركز إشراف الغرب - القسم النسائي,dep_114
نوره بنت محمد مسائي,dep_11500
الجليس الصالح مسائي,dep_11502
خبيب بن عدي صباحي,dep_11519
سارة مسائي,dep_11539
الرائد مسائي,dep_11540
النور صباحي,dep_11541
تاج الوقار فرع صلاح الدين صباحي,dep_11542
الهدى صباحي,dep_11543
لبابة بنت الحارث صباحي,dep_11544
المحمدية صباحي,dep_11546
الرميصاء بنت ملحان صباحي,dep_11549
سودة بنت زمعة صباحي روضة الطفل المسلم,dep_11579
فاطمة بنت الخطاب صباحي روضة دوح القرآن,dep_11599
مركز إشراف الشرق القسم النسائي,dep_115
المنتقى صباحي (روضة),dep_11603
البصيره مسائي,dep_11604
عبدالعزيز ابن باز مسائي,dep_11607
الريان صباحي,dep_11609
السلام مسائي,dep_11610
مدرسة ام المؤمنين خديجة مسائي,dep_11611
محمد آل حواش مسائي,dep_11613
الحياة مسائي,dep_11650
أبو حبيب الشثري مسائي,dep_11652
جمانة بنت أبي طالب مسائي,dep_11653
فهد العويضة مسائي,dep_11656
أم المؤمنين صفية بنت حيي صباحي,dep_11659
الرميصاء بنت ملحان مسائي,dep_11660
الإيمان صباحي,dep_11679
مركز إشراف الوسط الجنوبي القسم النسائي,dep_116
نور القرآن صباحي,dep_11703
البصائر مسائي,dep_11705
عاتكة بنت عبدالمطلب صباحي,dep_11706
السلف صباحي,dep_11707
مشرف صباحي,dep_11708
قطوف مسائي,dep_11709
المحدثين,dep_11730
الشيماء بنت الحارث صباحي,dep_11749
البيان صباحي,dep_11750
قطوف صباحي,dep_11757
المتقنات - روضة القران - صباحية,dep_11799
مركز إشراف الوسط الشمالي القسم النسائي,dep_117
سمية بنت خياط مسائي,dep_11800
زينب بنت خزيمة,dep_11801
أسماء بنت يزيد الأنصارية,dep_11804
ام ابراهيم الخراشي (1) - صباحية,dep_11809
روضة براعم بلقيس - صباحية,dep_11819
التقوى صباحي,dep_11822
الزهراوين صباحي,dep_11827
الثريا - صباحية,dep_11829
أم سليم الأنصارية - صباحية,dep_11839
أم عمار - مسائية,dep_11850
درة بنت أبي سلمة (مسائية),dep_11854
الجوهرة - مسائية,dep_11856
الشموس بنت أبي عامر - مسائية,dep_11857
أم الفضل بنت الحارث - مسائية,dep_11859
مدرسة هاجر - مسائية,dep_11860
درة بنت أبي سلمة (صباحي),dep_11869
أم عمار - صباحية,dep_11889
مركز إشراف الدائري الشمالي القسم النسائي,dep_118
العفيفات صباحي,dep_11900
رفعة بنت عبدالله مسائي,dep_11901
ام الوليد بنت عمر بن الخطاب مسائي,dep_11951
شميله بنت الحارث صباحي,dep_11959
ام ايوب الانصارية مسائي,dep_11960
الفرقان صباحي ( مركز إعداد الحافظات ),dep_11969
الحافظة صباحي,dep_11979
مدرسة البواردي ( روضةمجمع البواردي ) الصباحية,dep_11989
مركز إشراف الدائري الغربي القسم النسائي,dep_119
الأميرة حصة بنت عبدالعزيز,dep_12005
قتيبة بن مسلم الباهلي,dep_12007
أيوب العوهلي,dep_12008
جامع  المطلق,dep_12009
محمد بن سعود الكبير,dep_12010
عمر بن عبدالعزيز,dep_12016
ذات النطاقين - مجمع الوقار التعليمي,dep_12021
جامع أبي عبدالله,dep_12022
جامع عبدالمحسن المهيدب ,dep_12023
خالد بن الوليد,dep_12025
منيرة إبراهيم العثيمين,dep_12026
سلمان الفارسي,dep_12030
حي الملك فيصل,dep_12049
آل الشيخ,dep_12050
الجميعة 4 (مجمع الوقار التعليمي ),dep_12054
والدة الأمير تركي بن فيصل,dep_12055
الرشودي,dep_12056
الحبيب,dep_12059
الأمير عبدالرحمن بن عبدالله,dep_12060
المفيريج,dep_12061
النويصر,dep_12064
الرويتع,dep_12066
مصعب بن عمير(المنصورة),dep_12067
أبوعبيدة,dep_12075
الخريجي,dep_12078
خولة بنت حكيم صباحي,dep_120
جعفر بن أبي طالب,dep_12122
ابن قدامة,dep_12125
المزروع  حلقات العساكر,dep_12129
الصحابة,dep_12130
مسجد علوش (الحائر),dep_12133
الغيلان,dep_12134
ابن عثيمين -مجمع ابن عثيمين النموذجي,dep_12141
حمزة بن عبدالمطلب (اسكان الخرج) - مجمع ابن عثيمين النموذجي,dep_12142
سعيد بن زيد,dep_12143
عوض الحربي,dep_12179
معاوية بن ابي سفيان,dep_12180
عبد العزيز بن جلوي,dep_12181
محمد بن عبدالوهاب,dep_12184
الصحابة,dep_12185
حسين ابوسليمان,dep_12186
محمد عبدالوهاب,dep_12187
جامع باجد العتيبي,dep_12188
الأمير سلطان بن عبدالعزيز,dep_12190
الراجحي- (5) مجمع الشيخ عبدالعزيز العزمان التعليمي,dep_12201
ابن الفارس ,dep_12204
عودة العودة,dep_12206
الهويمل-(2) - مجمع قرآني,dep_12211
الشعيبـي  (2) مجمع الفاروق التعليمي,dep_12212
الأمير عبدالعزيز الثنيان (2) _ مجمع الاتقان التعليمي,dep_12219
السلامة,dep_12221
المثلث,dep_12223
العويضة,dep_12224
السالمية,dep_12225
ابن خثيلة,dep_12226
سعد بن معاذ,dep_12232
التعاون (2),dep_12233
ابن حزم,dep_12234
جامع الدريبي,dep_12235
أبو بكر الصديق (2),dep_12236
حلقات متعب السبيعي,dep_12242
عروة بن الزبير,dep_12244
الخشمان,dep_12246
العرنوس,dep_12247
عبد الرحمن بن عوف,dep_12251
النور (1),dep_12255
عمر بن الخطاب (4),dep_12257
الشافعي,dep_12260
عمر الفاروق,dep_12264
إبراهيم العريفي,dep_12266
الحسين بن علي,dep_12268
أم عبدالعزيز الشثري,dep_12270
سعد بن أبي وقاص(مجمع آل عياف),dep_12281
مجمع العلماء بجامع حمود التويجري,dep_12287
عمر بن الخطاب (3),dep_12289
يوسف الفوزان,dep_12291
جامع عمر بن الخطاب ,dep_12292
نايف الحديثي,dep_12293
الناصر,dep_12298
صالح الرشيد,dep_12299
القرينين الجنوبي - مجمع الفاروق التعليمي,dep_12323
حلة بن هــندي - مجمع الفاروق التعليمي,dep_12325
مسجد المســعد (حلقات بصائر) - مجمع قرآني,dep_12327
الأحمــد,dep_12329
الحرس,dep_12330
السليم,dep_12342
حي بدر الثاني,dep_12343
السويلم,dep_12344
عائشة بنت أبي بكر,dep_12347
الشيخ فهد بن علي آل إسماعيل,dep_12351
حلقات الاميرة سلطانه بنت عبدالعزيز رحمها الله,dep_12352
بلال بن رباح,dep_12361
مسجد عمر بن عبدالعزيز,dep_12363
حي الحمراء,dep_12366
خديجة بنت خويلد,dep_12372
العجلان,dep_12373
عمر بن عبدالعزيز,dep_12375
محمد بن سعيدان,dep_12376
عبدالعزيز الطياش,dep_12377
مسجد الحربي (العزيزية),dep_12381
جامع ابن عبد الوهاب (العزيزيه) -مجمع مسك النموذجي-,dep_12382
الغنام,dep_12383
مسجد أحمد الزهراني ( الغنامية ),dep_12386
الزبير بن العوام,dep_12387
الفاروق,dep_12388
ابي حنيفة,dep_12389
ضواي العيتبي,dep_12390
جامع عثمان بن عفان - مجمع اسكان الحرس التعليمي النموذجي,dep_12400
أبي بن كعب حلقات مسجد القحطاني,dep_12404
عكاشة بن محصن,dep_12405
مجمع الهدى بجامع المهنا,dep_12408
ابن دريب,dep_12414
أم ثابت الأنصارية,dep_12415
الحمد,dep_12425
طارق مراد ,dep_12429
لطيفة الفضل ,dep_12430
الإخلاص مسائي,dep_12476
الشيخ محمد بن عثيمين مسائي,dep_12486
جعفر الطيار رضي الله عنه,dep_12493
الطرادية,dep_12496
عمير بن وهب,dep_12497
عبدالعزيز العريفي مسائي,dep_12498
مطلق العتيبي,dep_12501
نوار العتيبي,dep_12505
المحيسن,dep_12508
سلمان الفارسي,dep_12523
عبدالله العمار,dep_12600
أبو عبيدة عامر بن الجراح,dep_12602
مسجد الشيخ صالح الراجحي,dep_12700
جامع عثمان بن عفان,dep_12704
جامع الفدا,dep_12706
حلقات جامع إمام الدعوة,dep_12712
خالد ابا حسين,dep_12716
الدويش - أسامة بن زيد,dep_12720
جامع الحمودي,dep_12725
الهداية,dep_12727
جامع بن باز,dep_12730
جامع التوحيد - الحلقات الرائدة,dep_12740
عبد الله بن سلمة,dep_12742
مسجد الامام البخاري,dep_12743
أسامة بن زيد,dep_12747
عبدالله الجعيثن,dep_12750
مسجد الرميح,dep_12751
دباس العتيبي,dep_12759
ابن كثير,dep_12760
مسجد الإمام أحمد بن حنبل,dep_12761
العقارية,dep_12771
مجمع حلقات الرحمانية لتعليم القرآن الكريم ,dep_12772
إسكان وزارة الخارجية,dep_12775
جامع القدس,dep_12778
قتيبة بن مسلم,dep_12779
جامع الحبيش,dep_12782
جامع الملك سلمان بن عبدالعزيز,dep_12787
جامع ابن باز - مجمع إسكان الحرس الوطني النموذجي,dep_12789
أحمد بن تيمية,dep_12792
الشيخ محمد بن عبدالوهاب,dep_12797
جامع سيد الشهداء - الحلقات الرائدة,dep_12799
بلال بن رباح,dep_12803
جامع عمر بن عبدالعزيز1 بحي صياح - مجمع قرآني ,dep_12809
جامع الشيخ صالح العريفي,dep_12820
عبدالعزيز البراهيم,dep_12900
الكلية,dep_12902
اليرموك,dep_12903
محمد الحقيل ,dep_12904
الحروب,dep_12908
ادارة الشؤون التعليمية,dep_12
جامع البويب,dep_13000
روح الحياة بمسجد غبيراء العام,dep_13003
الشليخة,dep_13005
العضيب,dep_13006
الخرجي,dep_13007
الصبيخ,dep_13008
أويس القرني (ملتقى الأربعين),dep_13010
أبوهريرة,dep_13011
الملك عبدالله,dep_13012
العرفج,dep_13016
غمامة,dep_13017
القريشية,dep_13022
محافظة السليل,dep_130
عبد الله الفارس,dep_13103
 والدة الأمير عبد العزيز بن فهد,dep_13107
سكن التحلية العائلي,dep_13111
علي بلشرف,dep_13113
الأبرار,dep_13114
زيد بن ثابت,dep_13118
 ابن سعيدان,dep_13120
عبد الله الحصيني,dep_13127
أحد,dep_13132
الربيع,dep_13134
هيا بنت ناصر الجديد,dep_13137
معاذ بن جبل,dep_13138
إسكان هئية أعضاء تدريس جامعة الإمام,dep_13144
حلقات الصفوة بمسجد هيا الحسن,dep_13151
المنار,dep_13152
الفاروق,dep_13153
عبد العزيز الشلفان,dep_13155
المهندس عبد الرحمن الخناني,dep_13156
الإحسان,dep_13158
حطين,dep_13160
عمر بن عبد العزيز,dep_13161
عبد العزيز الفايز,dep_13162
سيد الشهداء,dep_13163
موضي السعيدان,dep_13201
أحمد القبس,dep_13203
خالد المليحي,dep_13302
أبي يوسف العطير,dep_13303
جامع أم خالد العساف,dep_13308
لطيفة آل الشيخ,dep_13312
عبدالله العتيبي,dep_13317
مسجد عمير بن وهب,dep_13318
جامع منيرة العريفي,dep_13325
إبراهيم الخليل,dep_13326
سعيد السيد,dep_13327
عبدالله سليمان العقيل,dep_13331
حلقات رياض الجنان,dep_13333
مسجد الإحسان,dep_13334
لطيفه,dep_13336
قرطبة الغربية,dep_13338
معيض آل سلطان,dep_13340
حمزة بن عبدالمطلب,dep_13344
جامع فهد الهريش,dep_13345
إبراهيم الدريس,dep_13346
جامع المحيسن,dep_13347
مسجد المشوح,dep_13348
والدة الأمير ماجد بن عبد العزيز,dep_13403
التقوى,dep_13416
معاذ بن جبل (الدار البيضاء),dep_13417
الناصر,dep_13418
فهد الحسين,dep_13423
الدار البيضاء (1),dep_13425
الفرج,dep_13426
معاذ بن جبل (العزيزية),dep_13427
ابن القيم,dep_13430
منيرة الحميد -مجمع مسك النموذجي-,dep_13431
 الأميره الجوهرة - مسائي,dep_13544
رماح,dep_136
ام الطفيل مسائي,dep_14303
قسم الاختبارت-  والمسابقات القسم النسائي,dep_14320
الجوهرة  - صباحية,dep_15009
مدرسة تحفيظ القرآن الكريم بتمير,dep_16000
مدرسة تحفيظ القران بالعزيزية,dep_16001
حلقة ابن باز,dep_16002
حلقات الحفنه,dep_16003
حلقات ام ارجوم,dep_16004
حلقات مبايض,dep_16005
جامع الفرقان,dep_16050
جامع عبدالله بن نوفل,dep_16051
الفالح,dep_16052
أبي مسعود البدري,dep_16053
جامع الملك عبدالعزيز,dep_16055
جامع الامام فيصل بن تركي,dep_16056
مسجد الأحنف بن قيس,dep_16057
جامع ابن عثيمين,dep_16058
جامع العذل,dep_16059
جامع محمد بن إبراهيم,dep_16060
جامع عبدالعزيز الجوير,dep_16061
مسجد الأوزاعي,dep_16062
مسجد الشوكاني,dep_16064
مسجد النووي,dep_16065
مجمع حلقات القصب ,dep_16101
الـداهــنة ,dep_16105
مجمع حلقات ثرمداء,dep_16108
سلمان الفارسي ,dep_16111
مجمع الوقف بالقرائن,dep_16113
علي بن ابي طالب ,dep_16114
معاذ بن جبل ,dep_16120
الشيخ عبدالعزيز المهنا ,dep_16121
مجمع النور ,dep_16122
مجمع الشيخ حمد الربيعة ,dep_16123
مجمع الشيخ ناصر المانع ,dep_16124
مجمع حلقات اشيقر ,dep_16125
الأمير نايف,dep_16150
ابن حنيف,dep_16156
الروضة,dep_16157
الراجحي,dep_16158
إمام الدعوة,dep_16163
ابن محصان,dep_16164
شمال الإمارة,dep_16165
شرق بويريدة,dep_16167
العبداللطيف,dep_16168
عبدالرحمن بن عوف,dep_16169
هذال بن محمد الرويس,dep_16170
القزلان,dep_16171
أم مطلق,dep_16172
ابن عثيمين بابو جلال,dep_16173
شيخ الاسلام بنفي,dep_16174
الحضر,dep_16175
الخبه,dep_16176
 الفقارة ,dep_16177
الرفيعه,dep_16178
الرديفة,dep_16179
الحزم,dep_16180
الجديدة,dep_16182
تراحيب بعرجاء,dep_16183
العلوات بعرجاء,dep_16184
القرارة,dep_16185
أبو بكر الصديق,dep_16200
عبدالله بن أبي رواحة,dep_16201
عبدالله بن مسعود,dep_16202
حمزة بن عبدالمطلب,dep_16203
الزبير بن العوام,dep_16204
حسان بن ثابت,dep_16205
عمر بن الخطاب,dep_16206
أبو هريرة ,dep_16207
أبو موسى الأشعري ,dep_16208
خبيب بن عدي,dep_16209
سعد بن عبادة,dep_16210
عمرو بن الجموح,dep_16211
ثابت بن قيس,dep_16212
عمار بن ياسر,dep_16213
خالد بن الوليد,dep_16214
عمران بن الحصين,dep_16215
حلقة العطار,dep_16216
عثمان بن عفان,dep_16217
شيخ الإسلام ابن تيمية,dep_16218
عمر بن الخطاب,dep_16250
أبي بكر الصديق,dep_16251
جابر بن عبد الله,dep_16252
المستشفى العام,dep_16253
عبد الرحمن بن عوف,dep_16254
سعيد بن جبير,dep_16255
مصدة,dep_16256
بلال بن رباح,dep_16257
زيد بن ثابت,dep_16258
أبي عبيدة عامر بن الجراح,dep_16259
الدفاع المدني,dep_16260
الإمام مسلم,dep_16261
عائشة بنت أبي بكر,dep_16262
جامع السعودي,dep_16263
خالد بن الوليد,dep_16264
الحزم,dep_16265
مجمع الفرعة,dep_16266
الإمام البخاري,dep_16267
مكتب الإشراف بالرين,dep_16300
مسجد الوسيطي,dep_16301
مسجد هجرة الخليج,dep_16302
مسجد هجرة آل سياف,dep_16303
مسجد عمر بن عبد العزيز,dep_16304
مسجد عمر الفاروق,dep_16305
مسجد سلمان الفارسي بالفويلق,dep_16306
مسجد بلال بن رباح ,dep_16307
مسجد أبي بكر الصديق,dep_16308
جامع الروضة بآل سحمان,dep_16309
جامع الفيضة,dep_16310
جامع الفويلق الشمالي,dep_16311
مسجد آل جديع,dep_16312
مسجد أم آثلة,dep_16313
مسجد الرفايع ,dep_16314
مسجد آل عريج,dep_16315
جامع الفويلق,dep_16316
جامع العفج,dep_16317
جامع أبي بكر الصديق,dep_16318
أسماء بنت أبي بكر,dep_16319
خديجة  بنت خويلد,dep_16320
عائشة بنت الصديق,dep_16321
أم سلمة,dep_16322
أم الفضل,dep_16323
خولة بنت حكيم,dep_16324
فاطمة بنت الخطاب,dep_16325
ميمونة بنت الحارث,dep_16326
زينب بنت جحش,dep_16327
عاتكة بنت عبد المطلب,dep_16328
الإيمان,dep_16329
أمامة بنت العاص,dep_16330
طيبة,dep_16331
الهدى,dep_16332
فاطمة الزهراء,dep_16333
التقوى,dep_16334
هند بنت عتبة,dep_16335
آل سالم,dep_16339
شيخ الاسلام ابن تيمية,dep_16350
عبدالعزيز بن باز,dep_16351
احمد الصانع,dep_16352
محمد الالباني,dep_16353
محمد بن عثمين,dep_16354
عبدالله الخليفي,dep_16355
عبد الله العسكر,dep_16356
الشيخ محمد ابراهيم,dep_16358
عبدالله بن ام مكتوم,dep_16359
مصعب بن عمير,dep_16361
جابر بن عبدالله,dep_16364
عمر بن الخطاب ( جامعين ),dep_16365
مجمع اليوسف ( جامعيين ),dep_16366
عبدالله بن عباس,dep_16368
طلحة بن عبيدالله,dep_16371
حذيفة بن اليمان (ثانوي أ),dep_16372
حذيفة بن اليمان (المتوسط),dep_16374
معاوية بن ابي سفيان,dep_16375
رافع بن خديج,dep_16376
عبدالله بن مسعود (ابتدائي),dep_16377
عبدالله بن مسعود (متوسط),dep_16380
ابو بكر الصديق (متوسط),dep_16382
عمر بن الخطاب (ثانوي),dep_16384
عمر بن الخطاب (متوسط),dep_16385
ابو بكر الصديق (ابتدائي),dep_16386
عمر بن الخطاب (ابتدائي),dep_16388
عثمان بن عفان,dep_16390
خالد بن الوليد,dep_16392
عمرو بن العاص,dep_16394
عمار بن ياسر,dep_16395
عبدالله بن حذافة,dep_16396
ربيعة بن مالك,dep_16399
الحلقة المميزة,dep_16400
مجمع الفرقان,dep_16401
البديع الجنوبي,dep_16402
أبي بكر الصديق,dep_16403
النايفية ,dep_16404
مجمع التوحيد ,dep_16405
الموظفين,dep_16406
القاعدة النورانية,dep_16407
الشيخ عبدالعزيز بن باز,dep_16408
المغيرة بن شعبة,dep_16409
النباية,dep_16410
الرزيقية,dep_16411
العجلية,dep_16412
السيح,dep_16413
الإمام مسلم,dep_16414
الإمام البخاري,dep_16415
الإمام أبو داوود,dep_16416
الإمام ابن ماجه ,dep_16417
الإمام ابن ماجه,dep_16418
الإمام ابن ماجه,dep_16419
الإمام النسائي,dep_16420
الإمام النسائي,dep_16421
البريقا,dep_16422
الإمام أبو داوود,dep_16423
مسجد البكر,dep_16424
الرزيقية,dep_16425
النايفية,dep_16426
المقداد بن عمرو,dep_16427
الإمام السيوطي,dep_16428
حلقات الدفاع الجوي,dep_16450
أبو بكر الصديق - عمر بن الخطاب,dep_16451
حامل المسك في السليل,dep_16452
مجمع الفرقان بجامع الفاران بمحافظة السليل,dep_16453
خادم القرآن بالسليل,dep_16454
مجمع حلقات التقوى بالسليل,dep_16455
حلقات جامع ال حنيش في محافظة السيليل,dep_16456
مجمع الاستقامة,dep_16457
مجمع حلقات النور بحي الشيدية,dep_16459
حلقات جامع تمرة,dep_16460
حلقات جامع خيران,dep_16470
حلقة ابن عثيمين بمسجد ال سعيد بخيران,dep_16472
الشيخ ابن فريج ,dep_16500
جعفر بن ابي طالب,dep_16501
بلال بن رباح ,dep_16502
ابي ذر الغفاري ,dep_16503
سلمه بن الاكوع,dep_16504
ابي عبدالرحمن السلمي ,dep_16505
عبالرحمن بن عوف,dep_16506
عبدالله بن عمر ,dep_16507
الامام الشاطبي,dep_16508
عمر بن الخطاب,dep_16509
الشيماء بنت الحارث مسائي,dep_16510
ابو بكر الصديق,dep_16511
عمرو بن العاص ,dep_16512
الزبير بن العوام ,dep_16513
زيد بن ثابت,dep_16514
انس بن النضر,dep_16515
الباء بن عازب,dep_16516
طلحه بن عبدالله,dep_16517
جابر بن عبدالله,dep_16518
عمر بن عبدالعزيز,dep_16519
مجمع حلقات الفرقان,dep_16550
حلقة عبدالله بن عمر,dep_16551
حلقة أبو موسى الأشعري,dep_16552
حلقة مصعب بن عمير,dep_16553
حلقة عبد الله بن الزبير,dep_16554
حلقة الزبير بن العوام,dep_16555
حلقة بن كثير,dep_16558
حلقة أنس بن مالك ـ بمركز الداخلة,dep_16560
مجمع شيخ الإسلام ابن تيمية,dep_16600
مجمع الشيخ عبدالرحمن آل فريان ,dep_16601
الدفاع المدني,dep_16602
هيئة الأمر بالمعروف والنهي عن المنكر,dep_16603
الجاليات,dep_16604
البريقعية بنعام,dep_16605
جامع نعام,dep_16607
عمر بن الخطاب,dep_16608
جامع نعام,dep_16609
جامع المفيجر,dep_16610
عبدالرحمن بن عوف,dep_16611
أبو بكر الصديق,dep_16612
عمر بن الخطاب,dep_16613
عثمان بن عفان,dep_16650
ابن قدامة,dep_16651
ابن سعدي,dep_16652
العبدلية,dep_16653
عبدالعزيز السديري,dep_16654
ابن المبارك,dep_16655
الألباني,dep_16656
مساعد السديري,dep_16657
ابن القيم,dep_16658
الشافعي,dep_16659
ابن عثيمين,dep_16660
ابن الجوزي,dep_16661
جامع الجارالله,dep_16701
رغبة,dep_16704
حذيفة بن اليمان,dep_16705
معاذ بن جبل,dep_16706
عبد الله بن عباس,dep_16707
عبد الرحمن بن عوف,dep_16708
البراء بن مالك,dep_16709
مسجد منوخ ابوثنين,dep_16751
مسجد الأمير سعد بن محمد (آل علي),dep_16752
جامع الشلاش,dep_16753
مسجد العزة القديم (عويسان السبيعي),dep_16756
مسجد النبطه,dep_16757
مسجد ش الستين,dep_16759
جامع مركز هجرة سعد,dep_16764
مسجد مركز شويه,dep_16765
العباس بن عبد المطلب,dep_16800
القاعدة النورانية,dep_16804
زيد بن ثابت,dep_16807
عمار بن ياسر,dep_16808
سعد بن معاذ,dep_16810
الإمام البخاري,dep_16812
مجمع حلقات المركز التربوي,dep_16817
عبد الله بن رواحة,dep_16830
جامع السكران,dep_16850
جامع المسعد,dep_16851
جامع البواردي,dep_16852
مسجد الربوة,dep_16853
مسجد أبو نوره,dep_16854
جامع أرطاوي الرقاص,dep_16855
جامع مغيب,dep_16856
جامع جفن,dep_16857
الجامع الشمالي,dep_16858
جامع وثيلان,dep_16859
جامع التقوى,dep_16860
جامع الثندوة,dep_16861
الخالدية,dep_16900
عرقة,dep_16901
الخزامى,dep_16902
جامعة الملك سعود(أعضاء هيئة التدريس,dep_16903
جامعة الملك سعود(الطلاب),dep_16904
قوات الامن الخاصة,dep_16905
الكلية الحربية,dep_16906
العيينة,dep_16907
الوسط,dep_16911
الحراقين,dep_16953
كمدة,dep_16954
مبارك عايض العريمة,dep_16957
ال خضاري الجنوبي,dep_16959
سعد بن ابي وقاص,dep_16960
انس بن مالك,dep_16961
ال جناح,dep_16962
ابو بكر الصديق,dep_16963
القوز,dep_16965
الفروانية,dep_16966
سجون الوادي,dep_16968
ال خضاري الشمالي,dep_16969
الشيخ محمد بن سويد,dep_16970
علي بن ابي طالب,dep_16972
الرسم,dep_16973
مبارك القنام,dep_16974
النويعمة القديمة,dep_16978
ال ضافي,dep_16980
الشرافا,dep_16981
ابن العباس,dep_16982
سعيد بن زيد,dep_16983
عبدالله بن مسعود,dep_16984
زيد بن ثابت,dep_16985
المستشفى العسكري,dep_16986
ال تميم,dep_16987
ابن يوسف,dep_16989
عمر بن الخطاب,dep_16991
الخضاري الشمالي,dep_16992
مصعب بن عمير,dep_16993
مصري بن محمد,dep_16994
مكتب نائب الرئيس,dep_16
عثمان بن عفان,dep_17001
التراضي,dep_17002
المهاجرين,dep_17003
محمد بن عبد الوهاب,dep_17008
الإمام الذهبي ,dep_17009
الإمام النووي ,dep_17010
العتبان,dep_17011
الترمذي,dep_17012
أبو بكر الصديق,dep_17013
عثمان ين عفان - المصانع,dep_17014
طلحة بن عبيد الله ,dep_17015
حمزة بن عبد المطلب ,dep_17016
سعد بن أبي وقاص,dep_17017
عمر بن الخطاب - المصانع,dep_17018
متلع الشمري ,dep_17019
سكن المستشفى,dep_17020
جامع البصري,dep_17021
ثابت بن قيس,dep_17022
جامع عمر بنب الخطاب - الخالدية,dep_17023
القطنية,dep_17024
غانم الشمري,dep_17025
معاذ بن جبل ,dep_17026
زيد الخير,dep_17027
أحمد بن حنبل ,dep_17028
ابن عطيش,dep_17029
ابن شبرين,dep_17030
الشميمري,dep_17031
سعد بن عبادة,dep_17032
الشفاء ,dep_17033
الشكرة الجنوبي ,dep_17034
الزهراني,dep_17035
بشر بن البراء ,dep_17036
جامع الجريوي ,dep_17038
عبدب الرحمن بن أبي بكر,dep_17039
العباس ,dep_17040
حلقات الإتقان,dep_17050
حمزة الكوفي,dep_17051
نافع المدني,dep_17052
علي الكسائي,dep_17053
أبوعمرو الشامي,dep_17054
ابن كثير المكي,dep_17055
عمر بن الخطاب,dep_17056
عثمان بن عفان,dep_17057
علي بن أبي طالب,dep_17058
جعفر بن أبي طالب,dep_17059
مصعب بن عمير,dep_17060
ابن سعدي,dep_17061
أحمد بن حنبل,dep_17062
أبي بن كعب,dep_17063
الحسن بن علي,dep_17064
أسامة بن زيد للصغار,dep_17065
أسامة بن زيد للكبار,dep_17066
أحمد ياسين,dep_17067
عبدالله بن المبارك,dep_17068
عبدالله بن عمر,dep_17069
ابن تيمية,dep_17070
الطريف,dep_17100
المرقب,dep_17102
ابن غطيش,dep_17103
الهويدي,dep_17104
الهويدي,dep_17109
العبيسان,dep_17110
جامع الملك عبد العزيز,dep_17111
جامع الملك عبد العزيز,dep_17116
ابن الشيخ,dep_17118
عبد العزيز بن باز,dep_17122
علي بن الحسين,dep_17123
البركة,dep_17124
ابن غطيش ,dep_17125
البركة,dep_17126
العمار,dep_17127
العباس,dep_17128
عبد العزيز بن باز,dep_17129
الصامل ,dep_17130
بن طالب ,dep_17131
ملهي بن هشال,dep_17133
مجمع أبوبكر الصديق,dep_17151
الفيصلية ,dep_17152
مسجد الثامرية ,dep_17153
مسجد الدعوة ,dep_17154
جامع العويجاء,dep_17155
ابن باز ,dep_17157
عمربن الخطاب,dep_17158
العويجاء,dep_17159
العلوات,dep_17160
فيضة القوازين,dep_17161
كويكب ,dep_17162
العدوة ,dep_17163
العقيشية,dep_17164
الشثينية,dep_17165
الأمير سلطان ,dep_17166
مسجد الدعوة,dep_17167
جامع علي بن أبي طالب,dep_17168
صقرة,dep_17169
الحي الغربي بحديجة,dep_17170
سليسان,dep_17171
الوريكية,dep_17172
مسجد الحقباني,dep_17200
لبده,dep_17202
علي بن أبي طالب,dep_17203
آل صقر,dep_17204
أنس بن مالك,dep_17206
الملك عبد العزيز,dep_17207
السلمانية,dep_17208
الفلاح,dep_17209
التوفيق,dep_17210
الشفا,dep_17211
الجدوع,dep_17212
الأخماس,dep_17213
الوسطة,dep_17214
الحمد,dep_17216
ابن خنين,dep_17217
إمام الدعوة,dep_17218
الامير سلمان بن محمد,dep_17219
الفيصلية,dep_17220
آل سعيد,dep_17221
الترمذي,dep_17222
الدفاع المدني,dep_17224
الخالدية,dep_17225
السعيدان,dep_17226
ابن القيم,dep_17227
ابن باز,dep_17228
الدفاع المدني,dep_17229
السماري,dep_17230
أبو بكر الصديق,dep_17250
جعفر بن أبي طالب,dep_17251
عبد الرحمن بن صخر,dep_17252
خالد بن الوليد,dep_17253
عبد الرحمن بن عوف,dep_17255
زيد بن الخطاب,dep_17258
أبو عبيدة عامر بن الجراح,dep_17259
عبدالله بن عباس,dep_17260
عثمان بن عفان,dep_17261
سعد بن أبي وقاص,dep_17263
حلقات ملهم للبنين,dep_17300
حلقات القرينة للبنين,dep_17301
ابن الشيخ,dep_17302
مسجد الصديق,dep_17350
مسجد النور,dep_17351
مسجد الرفايع,dep_17352
مسجد عصماء,dep_17353
مسجد جهام,dep_17354
جامع نجخ,dep_17355
دارحفصة,dep_17400
دار خديجة,dep_17401
دار المرشد,dep_17403
دار ام سلمه,dep_17404
دار القرآن الكريم الصباحية,dep_17415
دار القرآن المسائية,dep_17416
دار النور الصباحية,dep_17417
دار النور المسائية,dep_17418
دار البيان الصباحية,dep_17419
دار البيان المسائية,dep_17420
دار الهدى,dep_17421
يوسف بن شرار,dep_17430
طيبة ,dep_17431
الجميح ,dep_17432
ام المؤمنين عائشة رضي الله عنها ,dep_17433
البيان ,dep_17434
السعد الصباحية ,dep_17435
المانع ,dep_17436
البليهد ,dep_17437
الأميرة البندري آل سعود ,dep_17438
دار فاطمة رضي الله عنها ,dep_17445
دار أم المؤمنين عائشة رضي الله عنها,dep_17446
دار أم المؤمنين أم سلمة رضي الله عنها بعرجاء ,dep_17447
دار أم المؤمنين حفصة رضي الله عنها بنفي,dep_17448
الابتدائية الاولى بمركز مصدة,dep_17449
الابتدائية الثالثة,dep_17450
الابتدائية الاولى بالدوادمي,dep_17451
الابتدائية السادسة,dep_17452
الابتدائية الثالثة عشرة,dep_17453
المستجدة للبنات,dep_17454
مجمع أبو جلال للبنات,dep_17455
مجمع خريمان الشغار,dep_17456
دار الفرقان,dep_17474
دار أبو حيمد,dep_17475
دار صفية,dep_17476
دار أم المؤمنين عائشة ,dep_17477
دار خديجة بنت خويلد,dep_17478
خديجة بنت خويلد رضي الله عنها,dep_17504
عائشة رضي الله عنها,dep_17505
حفصة بنت عمر رضي الله عنها,dep_17506
متوسطة وثانوية أسفل الباطن,dep_17507
ابتدائية العطيان,dep_17508
ابتدائية ومتوسطة زياد,dep_17509
سمية ( أم عمار),dep_17534
دار ام المؤمنين عائشة المسائية,dep_17564
دار الفلاح,dep_17565
دار ام المؤمنين ميمونة,dep_17566
دار ام المؤمنين خديجة,dep_17567
روضة دار الأنجال,dep_17569
دار ام المؤمنين عائشة الصباحية,dep_17570
دار ام المؤمنين ام سلمه,dep_17571
معهد الفرقان لإعداد معلمات القران,dep_17572
دار خديجة رضي الله عنها,dep_17594
دار حفصة رضي الله عنها,dep_17595
دار عائشة رضي الله عنها,dep_17596
دار زينب رضي الله عنها,dep_17597
دار فاطمة رضي الله عنها,dep_17598
دار نسيبة رضي الله عنها,dep_17599
دار الفرقان,dep_17600
دار أم حبيبة رضي الله عنها,dep_17601
دار صفية رضي الله عنها,dep_17602
دار ميمونة رضي الله عنها,dep_17603
دار سمية رضي الله عنها,dep_17604
دار أسماء رضي الله عنها,dep_17605
دار مارية رضي الله عنها,dep_17606
دار أم سلمة رضي الله عنها,dep_17607
دار أم المؤمنين ,dep_17608
دار رفعة بنت مشنان,dep_17609
دار خولة رضي الله عنها,dep_17610
دار البيان,dep_17611
البيان في محافظة السليل,dep_17624
أم سلمة,dep_17625
عائشة,dep_17626
الفرقان,dep_17629
أم عمارة,dep_17630
أم عمارة,dep_17631
خديجه بنت خويلد,dep_17654
حفصه بنت عمر,dep_17655
دار الفرقان,dep_17656
درا عاتكه,dep_17657
ابن باز,dep_17658
دار عائشه بنت ابي بكر ,dep_17659
زينب بنت محمد,dep_17660
دار البيان,dep_17661
دار عبدالله وسليمان الكليبي النسائية,dep_17684
دار الهدى بالتويم بسدير,dep_17685
دار عائشة بنت أبي بكر رضي الله عنها,dep_17714
دار أم المؤمنين حفصة رضي الله عنها,dep_17715
دار أم المؤمنين أسماء بنت أبي بكر رضي الله عنها,dep_17716
دار أم المؤمنين خديجة بنت خويلد رضي الله عنها,dep_17717
دار أم المؤمنين أم سلمة رضي الله عنها,dep_17718
دار الفرقان,dep_17744
دار الهداية,dep_17745
دار البيان,dep_17746
دار الهداية,dep_17774
حلقة البراعم,dep_17775
دار الاهتداء,dep_17776
دار التوحيد,dep_17777
دار الإيمان,dep_17778
مدرسة التحفيظ النسائية برماح,dep_17804
مدرسة التحفيظ النسائية بالغيلانة,dep_17805
مدرسة التحفيظ النسائية بهجرة سعد,dep_17806
مدرسة التحفيظ النسائية بمركز شويه,dep_17807
مدرسة التحفيظ النسائية بمركز حفر العتش,dep_17808
دار الذكر النسائية بمحافظة مرات,dep_17834
دار عائشة بنت أبي بكر - هجرة أم سليم,dep_17835
دار خديجة بنت خويلد - هجرة لبخة,dep_17836
الفيضة النسائية,dep_17864
فاطمة النسائية,dep_17865
الفضيلة,dep_17866
خديجة بنت خويلد,dep_17867
الفرقان النسائية,dep_17868
أم عمارة المازنية,dep_17869
خف النسائية,dep_17870
عائشة بنت الصديق,dep_17871
البرود النسائية,dep_17872
عين الصوينع النسائية,dep_17873
حفصة بنت عمر النسائية,dep_17874
دار الدرعية,dep_17894
دار سلمى بنت حمزة,dep_17895
دار أم عمارة الأنصارية,dep_17896
دار العيينة,dep_17898
دار مكة,dep_17899
أم أيمن ,dep_17900
دار الحياة الطيبة,dep_17901
دار القرآن,dep_17902
دار والدة عبد العزيز الكريديس,dep_17903
النبراس,dep_17924
السلام,dep_17925
البيان,dep_17926
ذات النطاقين,dep_17927
الزهراء,dep_17928
صفية بنت حيي,dep_17929
المهدية,dep_17930
التقوى,dep_17931
خديجة بنت خويلد,dep_17932
البلاغ,dep_17934
الدعوة ,dep_17935
عائشة بنت ابي بكر ,dep_17936
مريم بنت عمران ,dep_17937
آسيا بنت مزاحم,dep_17938
الصالحات,dep_17939
المركز النسائي الأول بحي السعودية,dep_17954
المركز النسائي الثالث بالخالدية,dep_17956
المركز النسائي الرابع بحي السلام,dep_17957
المركز النسائي الرابع بحي السلام,dep_17958
الحلقات الخارجية,dep_17959
دار الشقائق,dep_17984
دار أبي بكر الصديق,dep_17985
عائشة بنت أبي بكر,dep_17986
أم عطية الأنصارية,dep_17987
الخنساء,dep_17988
صفية بنت حيي,dep_17989
فاطمة الزهراء,dep_17990
خديجة بنت خويلد,dep_17991
حفصة بنت عمر,dep_17992
عاشقات الجنان,dep_17993
أسماء بنت أبي بكر,dep_17994
ادارة الاستثمار,dep_17
سلطان العذل,dep_18014
دار النور النسائية بالمزاحمية,dep_18015
دار الذكر النسائية بالغطغط,dep_18016
عائشة بنت أبي بكر,dep_18017
دار خديجة بنت خويلد النسائية,dep_18134
مدرسة أم سليم رضي الله عنها,dep_18135
أم المؤمنين حفصة رضي الله عنها,dep_18136
مجمع الشثينية النسائي,dep_18137
مجمع كبشان النسائي,dep_18138
مجمع حديجة النسائي,dep_18139
مدرسة جامع ابن باز,dep_18164
الإبتدائية الثانية عشر,dep_18165
رياض الجنان,dep_18166
الإبتدائية الخامسة عشر,dep_18167
مؤسسة مكة المكرمة,dep_18168
الثانوية الأولى,dep_18171
الإبتدائية العاشرة (أم أيمن),dep_18172
صفية بنت حيي النسائية,dep_18194
دار القرينة,dep_18224
دار ملهم,dep_18225
دار التلاوة بحريملاء,dep_18226
فيضة العبيسي,dep_18254
المشف,dep_18255
القرين,dep_18256
ثانوية جهام,dep_18257
ثانوية الرفايع,dep_18258
ثانوية سرورة,dep_18259
الجديدة,dep_18260
العقلة,dep_18261
جامع مشيرفة,dep_18280
الحشيان,dep_18281
حلبان,dep_18282
حلبان,dep_18283
الوسطى (أسيد بن حضير),dep_18284
مسجد آل عبد الله,dep_18285
مسجد آل زامل,dep_18286
جامع الخروعية,dep_18287
مسجد العدوة,dep_18288
جامع الحاوي,dep_18289
مسجد النفيعة,dep_18290
مسجد الناصفة,dep_18291
جامع الفيضة,dep_18292
مسجد الزمامية,dep_18293
مسجد آل عيبان,dep_18294
جامع شلاح,dep_18295
مجمع النور - جامع الزهور الجنوبي,dep_18296
مسجد الصحابة,dep_18297
مسجد سنام,dep_18298
مسجد داغة,dep_18299
جامع عبد الرحمن بن سويد,dep_18300
جامع الرويضة القديم,dep_18301
8887777777,dep_18302
العباس بن عبد المطلب,dep_18303
مسجد اللهدة,dep_18304
مجمع الإيمان - جامع الديرة,dep_18305
الشيخ سعود العريفي,dep_18306
مسجد السلم,dep_18307
مسجد آل حمد,dep_18308
جامع الملك خالد,dep_18309
مسجد طريف,dep_18310
مزعل,dep_18311
آل زامل,dep_18312
النميص بصبحاء,dep_18313
المحرق,dep_18315
الربواء,dep_18316
آل مجلد,dep_18317
ادارة الشئون المالية,dep_18
جامع الشيخ علي الهزاع 2,dep_20000
رفعة بنت عبدالله صباحي,dep_25001
الأنفال مسائي,dep_26515
ناصر الناصر,dep_29999
الإدارة النسائية,dep_2
البينات صباحي روضة براعم الهدى,dep_32222
مكتب الاتصالات الادارية,dep_38
جامع الأميره منيره بنت عبدالرحمن,dep_600006
مركز ابن الجزري,dep_600007
مسجد قصر الأمير سعود بن سلمان,dep_600010
مسجد الرويشد,dep_600012
مسجد طلحة بن عبيدالله,dep_600014
جامع القصر- مجمع قرآني,dep_600015
مسجد العنقري,dep_600016
المفدى,dep_600017
أبو حيمد,dep_600019
جامع الهداب - مجمع مشكاة التعليمي,dep_600021
الزغيبي,dep_600031
ساره الحميزي صباحي,dep_600033
عبد الهادي الصفوق,dep_600035
ام ابراهيم الخراشي الثانية,dep_600036
غزيله الانصارية - مسائية,dep_600037
الأمير سعد بن محمد,dep_600038
العيسى,dep_600039
جامع المك عبد العزيز,dep_600041
جامع عمر بن الخطاب,dep_600042
مسجد الشيخ محمد بن عبد الوهاب,dep_600043
مسجد متلع الشمري,dep_600044
مسجد مستشفى الملك خالد,dep_600045
مسجد الإمام النووي,dep_600046
جامع العباس بن عبد المطلب,dep_600047
مسجد الإمام الذهبي,dep_600048
مسجد العتبان,dep_600049
مسجد الإمام الترمذي,dep_600050
جامع البصري,dep_600051
مسجد ثابت بن قيس,dep_600052
مسجد حمزة بن عبد المطلب,dep_600053
مسجد عثمان بن عفان,dep_600054
مسجد سعيد بن المسيب,dep_600055
مسجد الشكرة الجنوبي,dep_600056
مسجد الشفا ( السعودية الجنوبي ),dep_600057
مسجد زيد الخير,dep_600058
مسجد معاذ بن جبل,dep_600059
مسجد ابن شبرين,dep_600060
مسجد سعد بن عبادة,dep_600061
مسجد بشر بن البراء,dep_600062
مسجد الزهراني,dep_600063
مسجد الملك فيصل,dep_600064
مسجد التراضي,dep_600070
أحمد بن حنبل,dep_600071
جامع سعد الحطيم,dep_600072
مسجد غانم الشمري,dep_600073
م,dep_600075
المركز النسائي الثالث,dep_600077
المركز النسائي الرابع,dep_600078
المركز النسائي الخامس,dep_600079
المركز النسائي الأول,dep_600080
مريم بنت عمران ,dep_600081
باحمدان,dep_600082
الصفدي,dep_600083
عبدالله بن رواحه,dep_600085
مصعب بن عمير ,dep_600086
البخاري,dep_600087
حلقات المشروع,dep_600088
أبو بكر الصديق,dep_600089
المركز النسائي السادس,dep_600091
ميمونة بنت الحارث,dep_600092
أسماء بنت عميس,dep_600093
حلقة الشعيبي,dep_600094
حلقة خالد بن الوليد ,dep_600095
حلقة احمد بن حنبل,dep_600096
حلقة المنذري,dep_600097
حلقة البدع,dep_600098
حلقة سعيد بن جبير,dep_600099
حلقة الصم,dep_600100
حلقة الهاتف,dep_600101
ناصر الزيد,dep_600102
جامع المخطط,dep_600103
محمد بن عبدالوهاب,dep_600104
الحرباش,dep_600105
الفوار,dep_600106
ابن كثير المكي,dep_600107
الإمام ابن القيم,dep_600108
حلقات مركز حويتة,dep_600110
الحجر,dep_600111
الصفار- اهل القرآن,dep_600112
العزيزية,dep_600113
دار جويرية بنت الحارث,dep_600114
دار خديجة بنت خويلد,dep_600115
جامع الودي,dep_600116
مجمع حلقات مسجد أسامة بن زيد,dep_600117
مركز أثيثية,dep_600118
مجمع السيحاني,dep_600120
دار خولة بنت حكيم,dep_600121
والدة الأمير عبد العزيز بن تركي,dep_600122
مجمع التوحيد - مسجد العباس بن عبدالمطلب,dep_600123
الفيصلية,dep_600124
مجمع الإيمان -  جامع بن باز,dep_600125
جامع الأميرة سارة بنت عبدالله الجلوي,dep_600126
ابن قاسم,dep_600127
التخيفي,dep_600128
مجمع مزعل,dep_600130
مسجد الشيخ بكر أبو زيد,dep_600131
جامع أبو سليم الغربي,dep_600132
بلال بن الحارث,dep_600133
معاذ بن جبل بسنام,dep_600134
لجعة,dep_600135
الإمام الشافعي بطحي,dep_600136
مجمع النور- مسجد الملك فيصل,dep_600137
مجمع النور- حلق إعداد الحفاظ- مسجد أبو بكر الصديق,dep_600138
مسجد المحسن,dep_600139
مجمع ابن القيم لتحفيظ القرآن الكريم بمحافظة السليل,dep_600140
الدفاع المدني بالسليل,dep_600141
حلقات تحسين التلاوة بالسليل,dep_600142
مسجد الملك فهد,dep_600143
مجمع النور التعليمي,dep_600144
كعب بن مالك بهجرة الفيفة ,dep_600145
حلقات زيد بن ثابت بالجامع الكبير بالفويلق,dep_600146
علي بن أبي طالب,dep_600147
حذيفة بن اليمان بمسجد أم أثلة بالفويلق,dep_600148
مسجد آل عشتل بهجرة آل عشتل ( الفرعة ),dep_600149
كعب بن مالك بجامع الروضة بهجرة الروضة,dep_600150
روضات الجنان (مسائية) ,dep_600151
عمير بن وهب,dep_600152
حمزة بن عبد المطلب,dep_600154
طلحة بن عبيد االله,dep_600155
سعيد بن زيد,dep_600156
سعد بن عبادة,dep_600157
أسامة بن زيد,dep_600158
الزبير بن العوام,dep_600159
عمرو بن العاص بمسجد الفويلق الشمالي,dep_600161
عبادة بن الصامت بمسجد الرفايع,dep_600162
سعد بن عياض بمسجد آل عايضة,dep_600163
حسان بن جابر بمسجد الخليج,dep_600164
طلحة بن مالك -مسجد هجرة العزيزية - الفويلق,dep_600165
خالد بن العاص -مسجد آل سياف - هجرة آل سياف - الفويلق,dep_600166
عمير بن عوف- مسجد الربوة- هجرة الربوة - الفويلق,dep_600167
دار أسماء بنت أبي بكر- حي الزهور - القويعية,dep_600168
سليمان عبد الله العسكر,dep_600169
الشلوي,dep_600170
ابن القيم ( ضبط الحفظ ),dep_600171
عبد الله بن جبرين,dep_600172
حمود التويجري,dep_600173
عبد الرحمن السعدي,dep_600174
أسامة بن زيد ,dep_600175
عمرو بن العاص,dep_600176
أويس القرني ,dep_600177
عبدالله بن عمر,dep_600178
كبشان النسائية,dep_600179
حلقات التحفيظ - مسجد الخروعية,dep_600180
جامع الخروعية,dep_600181
أبو عبادة الأنصاري - جامع الهمجة,dep_600182
الرفيعة,dep_600183
السالمية,dep_600184
الوسيطاء,dep_600185
المغيرة بن الحارث - جامع الحاوي,dep_600186
المغيرة بن الحارث- مسجد النقيعة,dep_600187
أبو زيد الأنصاري- مسجد النبهانية,dep_600188
المغيرة بن الحارث - مسجد الناصفة,dep_600189
زيد بن حارثة - فيضة أعبلية,dep_600190
أبو بكر الصديق ( ابتدائي ) 2,dep_600191
أبي بن كعب - جامع الملك خالد - الحصاة,dep_600192
أبو بكر الصديق ( متوسط ) ,dep_600193
سلمة بن قيس- مسجد آل حمد - هجرة آل حمد - الحصاة,dep_600194
جامع العيبة- هجرة العيبة- الحصاة,dep_600195
الإمام أحمد بن حنبل-مسجد هجرة علوة- الحصاة,dep_600196
الدريبي,dep_600197
حلقات تحفيظ البنات - مدرسة محيرقة للبنات,dep_600198
عبدالعزيز العصيمي - م رياض الصالحين ,dep_600199
دار رملة بنت أبي سفيان,dep_600200
دار القاعية,dep_600201
عائشة بنت أبي بكر الصدييق,dep_600203
ذات النطاقين,dep_600204
خديجة بنت خويلد,dep_600205
صفية بنت حيي,dep_600206
فاطمة الزهراء,dep_600207
البرحية ,dep_600208
نجوم الروضة,dep_600209
صهيب الرومي,dep_600210
أنس بن مالك,dep_600211
جبير بن مطعم,dep_600212
حاطب بن أبي بلتعة (ابتدائي),dep_600213
المغيرة بن شعبة,dep_600214
نواس بن سمعان,dep_600215
جعفر بن أبي طالب,dep_600216
عبادة بن الصامت,dep_600217
حسان بن ثابت,dep_600218
الحسن بن علي ,dep_600219
ثابت بن قيس,dep_600220
عبد الله بن سلام,dep_600221
مجمع جامع اليوسف,dep_600222
عمران بن حصين,dep_600223
سهل بن سعد,dep_600224
حمزة بن عبد المطلب,dep_600225
حكيم بن حزام,dep_600226
سلمان الفارسي,dep_600227
عبد الله بن رواحه,dep_600228
سراقة بن مالك ,dep_600229
عبدالرحمن بن حنبل - مسجد الآمار,dep_600230
محمد الأمين الشنقيطي - مسجد آل مجلد - الوسيطاء -صبحاء,dep_600232
المحرق - جامع المحرق - صبحاء,dep_600233
الإمام حمزة الكوفي- مسجد الربواء- الربواء- صبحاء,dep_600234
الإمام عاصم الكوفي - جامع ابن عثيمين- النميص- صبحاء,dep_600235
الحكمة,dep_600236
التوحيد,dep_600237
الفردوس,dep_600238
الإمام الكسائي - الفيضة - صبحاء,dep_600239
الإمام أبو حنيفة - مسجد آل شايع - صبحاء,dep_600240
حكيم بن حزام-الجامع الكبير - نخيلان,dep_600241
سعيد بن العاص - مسجد الشيخ سعود بن عبدالله العريفي- الخالدية,dep_600242
جامع الفراج برماح,dep_600243
علي بن أبي طالب - الدخل المحدود - الرين,dep_600245
العفج - الرين,dep_600246
العيبان - الرين,dep_600247
شلاح - الرين,dep_600248
القعقاع بن عمرو - عسيلان - الرين,dep_600249
مجمع أبوبكر الصديق - الدخل المحدود - الرين,dep_600250
مكتب الإشراف بالرين,dep_600251
سعد بن أبي وقاص -جامع البساتين -القويعية,dep_600252
الفرقان,dep_600253
التوحيد,dep_600254
هارون الرشيد,dep_600255
المميزة,dep_600256
المغيرة بن شعبة,dep_600257
البديع الجنوبي,dep_600258
آل عمر,dep_600259
الخزان,dep_600260
جامع ابن باز,dep_600261
مجمع الاسكان,dep_600262
مجمع البلدية,dep_600263
المصارير,dep_600264
مسجد البلدية,dep_600265
الموظفين بالهدار,dep_600266
الامام البخاري,dep_600267
البكر,dep_600268
الامام النسائي,dep_600269
الامام الترمذي,dep_600270
البريقة,dep_600271
النباية,dep_600272
دار الهداية,dep_600273
دار الاهتداء,dep_600274
دار الإيمان,dep_600275
دار التوحيد,dep_600276
حلقة البراعم,dep_600277
جامع الجار الله,dep_600278
جامع الروضة,dep_600279
جامع رغبة,dep_600280
المشاش,dep_600281
حسان بن ثابت,dep_600282
عبد الله بن عباس,dep_600283
عبد الرحمن بن عوف,dep_600284
بلال بن رباح,dep_600285
الجاليات,dep_600286
دار فاطمة بنت الخطاب - نخيلان - القويعية,dep_600287
دار أمامة بنت العاص - الخروعية,dep_600288
مدرسة تحفيظ القرآن الكريم بتمير,dep_600290
أبو رمل,dep_600291
درا رقية رضي الله عنها,dep_600292
أنس بن مالك,dep_600293
دار عائشة بنت الصديق - سنام - الرويضة,dep_600295
دار أم سلمة رضي الله عنها - مزعل - القويعية,dep_600296
دار الإيمان بطحي - طحي - الرويضة,dep_600297
القدس مسائي,dep_600298
مسجد الزهرة,dep_600299
دار الخزامى النسائية لتحفيظ القرآن,dep_600309
الحلق الفردية,dep_600311
شارع البلدية,dep_600312
المشف,dep_600313
نجخ,dep_600314
عصماء,dep_600315
مسجد المليحة,dep_600316
مسجد اليوسف,dep_600317
السعودية,dep_600318
العثيمين,dep_600319
السويلم,dep_600320
الرغيب,dep_600321
آل سالم,dep_600322
بن سيف,dep_600323
الغنيم,dep_600324
الصديق,dep_600325
آل عتي,dep_600326
الهديب,dep_600327
البخاري,dep_600328
عبد الرحمن الحقباني,dep_600329
سعد الدريهم,dep_600330
عبد العزيز الدريهم,dep_600331
عبد العزيز بن باز,dep_600332
نعجان,dep_600333
هتلانه,dep_600334
أسامة بن زيد,dep_600335
سعد اليحيا,dep_600336
العثمانية,dep_600337
الخنين,dep_600338
خالد بن الوليد,dep_600339
الحبابية ,dep_600340
رفايع المنجور,dep_600341
عين الصوينع,dep_600342
الفرقان,dep_600343
الفضيلة,dep_600344
أم عمارة,dep_600345
الفيضة,dep_600346
خديجة بنت خويلد,dep_600347
خف النسائية,dep_600348
فاطمة ,dep_600349
البرود,dep_600350
أوثيلان,dep_600351
حفصة بنت عمر,dep_600352
عائشة بنت أبي بكر,dep_600353
مزنة الحديثي مسائي,dep_600355
الإترجة مسائي,dep_600357
دار العلم بالحوميات ,dep_600358
تحفيظ القرآن الكريم بمبايض ,dep_600360
مسجد حي الرفاع بأبو جلال,dep_600361
تحفيظ القرآن الكريم بالحفنة ,dep_600362
تحفيظ القرآن الكريم بتمير,dep_600363
عائشة بنت سليمان الراجحي صباحي,dep_600365
جامع الدويش,dep_600366
جامع رياض الجنان,dep_600367
دار الفرقان النسائية ,dep_600368
ام كعب الانصارية ـ (صباحي),dep_600370
عبدالله العطاالله,dep_600382
المزروع,dep_600385
المانع,dep_600386
حلقات جامع المقبل,dep_600387
جامع أبو بكر الصديق - ابن باز ,dep_600389
حلقات ابن جبرين,dep_600390
أبي بكر الصديق 2,dep_600391
العمرين,dep_600393
التقوى - أسيد بن حضير,dep_600394
حاملات المسك مسائي,dep_600395
الأرقم مسائي -القدس,dep_600396
سليمان القوسي,dep_600398
معاذ بن جبل,dep_600400
الخليل عليه السلام-مجمع بينات التعليمي النموذجي,dep_600401
جامع العواد -مجمع حلقات الحلتين,dep_600402
أم حمد الحمودي مسائي,dep_600403
حلقات المحدثين بجامع العمور بالصالحية,dep_600404
جامع أبوبكر الصديق - مجمع اسكان الحرس التعليمي النموذجي,dep_600406
التويجري - السعادة,dep_600409
جامع أبي بكر ,dep_600410
جامع السحيم,dep_600412
عبدالرحمن الداخل,dep_600413
مسجد البليهد,dep_600419
الحديثي,dep_600420
الفاضل ,dep_600421
الفاضل ,dep_600423
عمر بن عبدالعزيز,dep_600425
جامع أبي عبدالله اللحيدان,dep_600426
خولة الأسدية مسائي,dep_600432
أمهات المؤمنين مسائي,dep_600435
سعد القويز,dep_600437
دار صفية الصباحية,dep_600438
أبو بكر الصديق ,dep_600439
أسامة بن زيد,dep_600441
كعب بن مالك,dep_600445
سالم مولى أبي حذيفة,dep_600446
حنضلة بن أبي عامر,dep_600447
محمد تركي التركي,dep_600448
التوحيد (1),dep_600454
دار أم المؤمنين صفية المسائية,dep_600457
الزبير بن العوام - مجمع ابن عثيمين النموذجي,dep_600458
حفصة بنت عمر بن الخطاب,dep_600459
فاطمة الزهراء,dep_600460
نجوم الروضة,dep_600461
حلقة الإتقان  ( 1 ) ,dep_600463
مجمع حلقات سكن عمال البلدية ,dep_600464
مسجد مشرفة نفي,dep_600465
محمد بن عبد الله التركي ,dep_600466
جامع فهد البريك ,dep_600469
عبد الله بن عباس ,dep_600470
جامع شيخ الاسلام ابن تيمية ,dep_600471
مجمع جامع اليوسف متوسط,dep_600472
أبو سفيان بن حرب,dep_600473
عبد الله البسام,dep_600474
مجمع حلقات لبخة ,dep_600481
طارق العريفي,dep_600482
جامع الغويري,dep_600483
العفاف - مسائية,dep_600485
جامع الهريش (الرياحين),dep_600488
البابطين مسائي,dep_600489
واحة القرآن مسائي,dep_600491
البواردي صباحي,dep_600492
أم خالد الماجد,dep_600497
سعد الغنام,dep_600499
test,dep_600507
ام يوسف العطير 2,dep_600508
بن القيم ,dep_600511
عبدالله بن سلمه,dep_600512
مجمع الرياحين - النسيم الشرقي - الصفوة,dep_600514
مصعب بن عمير,dep_600515
مسجد سليمان الجوير,dep_600516
وليد بن شويه ,dep_600517
الياسمين المسائية,dep_600519
عبدالعزيز الحقباني - مجمع الوقار التعليمي,dep_600520
جمعية تحفيظ القرآن الأحساء,dep_600582
سليمان السبت,dep_600623
جامع الأمير سلطان,dep_600624
خالد السلمان,dep_600625
السمو مسائي,dep_600627
تاج الوقار فرع الورود مسائي,dep_600628
نورة السويلم  مسائي,dep_600630
ساره الحميزي مسائي,dep_600631
الفردوس مسائية,dep_600632
المنار صباحي,dep_600633
الفردوس صباحي,dep_600635
عمرة بنت عبد الرحمن مسائي,dep_600636
خديجة بنت خويلد صباحي,dep_600637
النسيم صباحي,dep_600638
مجاهد المجاهد ,dep_600639
أبو بكر -الجزيرة,dep_600641
عبد الله بن رواحة,dep_600642
اللؤلؤه مسائي,dep_600643
التوحيد ,dep_600644
لولوة الدهش - مسائية,dep_600646
أم طالب بنت ابي طالب الهاشمية - مسائية,dep_600647
المثاني صباحي,dep_600648
مزنة السبيعي ( الدار البيضاء ),dep_600649
بن سعيد,dep_600652
العفيفات مسائي,dep_600653
لطيفة الجابر,dep_600656
القري الطويل - مجمع قرآني,dep_600657
سلمى بنت عميس مسائي,dep_600658
عبد الله بن جبرين,dep_600659
التقوى,dep_600660
الملك عبدالعزيز مسائي,dep_600661
رياض الجنان مسائي,dep_600662
الذاكرات مسائي,dep_600663
قسم التخطيط - الموارد,dep_600664
قسم العلاقات - الموارد,dep_600666
قسم التواصل - الموارد,dep_600667
قسم الاستقطاع - الموارد,dep_600668
القسم النسائي - الموارد والعلاقات,dep_600669
البابطين صباحي,dep_600670
السنابل مسائي,dep_600672
مسجد الحميميدي,dep_600673
جامع المديميغ,dep_600674
عبد الله الهداب النسائية,dep_600675
عمرة بنت رواحة صباحي,dep_600676
الخيرات مسائي,dep_600677
مزنة الحديثي صباحي,dep_600678
حفصة بنت عمر مسائي,dep_600679
فهد العويضة مسائي -الحمراء,dep_600680
الندى,dep_600681
الشيخ عبدالله المرشد,dep_600682
حبيبة بنت جحش صباحي,dep_600686
الفتح - مسائي,dep_600687
مانع الجهني,dep_600689
الفتح,dep_600695
مركز تدريب الجنوب النسائي للتأهيل والتطوير,dep_600696
مدرسة ام يوسف العطير ,dep_600697
دار حويمضة النسائية,dep_600698
سليمان الربيش مسائي,dep_600700
القيم,dep_600701
عبدالرحمن بن عوف,dep_600702
نورة بنت سليمان ( نور الهدى ),dep_600703
ام سلمة المصيف مسائي,dep_600704
العقيق صباحي,dep_600706
قسم حلقات البنين,dep_600708
قسم البرامج والمناهج,dep_600709
قسم الموارد البشرية,dep_600710
قسم الاستثمار,dep_600714
قسم علاقات المحسنين - الموارد,dep_600718
الربيع - صباحي,dep_600720
ام الوليد بنت عمر بن الخطاب صباحي,dep_600721
هند بنت عتبة - صباحي,dep_600722
دار حفصه,dep_600723
دار خديجة,dep_600724
الفوزان,dep_600725
مجمع المطوع القرآني,dep_600726
خادم الحرمين الشريفين الملك عبدالله بن عبدالعزيز- مجمع ابي موسى الاشعري النموذجي,dep_600728
باجد,dep_600729
مجمع الفلاح التعليمي بجامع البابطين,dep_600730
افانين القرآن مسائي,dep_600731
الملك سعود/ مجمع القراء التعليمي,dep_600732
التعاون - صباحي,dep_600737
مسجد الحمزة,dep_600738
الأمير فهد بن محمد آل سعود,dep_600740
حلقات الفدا,dep_600742
حلقات العجلان,dep_600744
العمور,dep_600745
الطفيل بن عمرو الدوسي,dep_600746
ربعي بن عامر,dep_600747
ربعي بن عامر,dep_600748
كعب بن مالك بمسجد شرقي الفيفة,dep_600749
الحضانة,dep_600750
نسيبة بنت كعب,dep_600751
أم كلثوم ,dep_600752
أم كلثوم ,dep_600753
مكتب إشراف حلقات صبحاء,dep_600754
زينب بنت جحش,dep_600755
زينب بنت جحش,dep_600756
هجرة آل غصين,dep_600757
رياض الجنة صباحي,dep_600758
براعم القرآن,dep_600759
رياض الصالحين - جامع الفاروق,dep_600760
رياض الصالحين - جامع الفاروق,dep_600761
رياض الصالحين - جامع الفاروق,dep_600762
رياض الصالحين - جامع الفاروق,dep_600763
رياض الصالحين - جامع الفاروق,dep_600764
بن عثيمين,dep_600765
حلقات المثناة,dep_600766
قطيم القحطاني (الدار البيضاء),dep_600767
محمد بن عبدالوهاب مسائي,dep_600771
عبدالله بن مسعود مسائي,dep_600773
الصديقة بنت الصديق مسائي,dep_600775
الصديقة بنت الصديق (صباحي),dep_600776
دار الذكر النسائية بالمزاحمية,dep_600781
دار الفرقان ,dep_600782
الحمراء صباحي,dep_600784
منيرة شويش المطيري مسائي,dep_600785
2قسم الإشراف التعليمي والإداري,dep_600787
قسم شؤون الطالبات,dep_600788
الراجحي باسكان الملك سلمان ,dep_600791
دارة الملك عبدالعزيز,dep_600792
الخليل ابراهيم ,dep_600793
حسان بن ثابت,dep_600794
الصحابة(اليمامة),dep_600795
جامع أبي بكر الصديق ( أبو الأسود ),dep_600796
حلقات محمد منصور الراجحي,dep_600797
حلقات جامع ابن القيم ,dep_600798
الشيخ التويجري,dep_600799
الخنساء - مسائي,dep_600801
حلقات الفاروق,dep_600803
مسجد ابي عبدالله البخاري,dep_600804
الجواهر الحسان مسائي,dep_600805
مريم بنت عمران صباحي,dep_600806
الدريهمية الاوسط,dep_600807
الشبانات,dep_600808
ناصر الشثري,dep_600810
مسجد والدة محمد النشمي,dep_600811
جامع العمري,dep_600812
والدة سعد الدريس,dep_600813
عبد الله تركي الضحيان,dep_600814
طرفة المقبل,dep_600815
عبدالعزيز بن بدر العسكر,dep_600816
صالح الراجحي - المجمع النموذجي,dep_600818
الخيرات - صباحي,dep_600819
الأبوين/ مجمع القراء التعليمي,dep_600820
النهضة مسائي,dep_600825
حلقات شارع الوزير,dep_600826
مسجد عبدالله العتيبي,dep_600827
جامع الشيخ عبدالله بن محمد أبا الخيل,dep_600829
دوح الكتاب مسائي,dep_600830
جامع الأمير سلطان,dep_600831
مسجد الشيخ ناصر الرميح,dep_600832
مسجد ذو النورين,dep_600833
عائشة بنت أبي بكر الصديق مسائي,dep_600834
مسجد لطيفة حلقات التوحيد,dep_600835
جامع عبدالرحمن الخنيفر,dep_600836
حماد القريني,dep_600837
مقرأة مركز الروضة,dep_600843
مقرأة الروضة,dep_600845
الشيخ محمد علي الصانع - مجمع مشكاة,dep_600846
حصة بنت سليمان الراضي,dep_600848
محمد بن فهد بن جريس,dep_600849
الماهرات مسائي,dep_600850
الأمير سلطان بن عبد العزيز ,dep_600852
القسم النسائي - الشمال,dep_600856
فهد العويضة صباحي -الخليج ,dep_600864
 الفريان(الخالدية),dep_600866
عبدالعزيز عبدالكريم المعيوف,dep_600867
الروابي صباحي,dep_600884
رزينة صباحي,dep_600885
السنة صباحي,dep_600886
طيبة صباحي,dep_600887
الشقائق صباحي,dep_600888
رقية صباحي,dep_600889
الحياء صباحي,dep_600890
نورة السويلم (صباحي),dep_600891
منيرة الشبيلي,dep_600892
البدر,dep_600894
البطيحان ,dep_600895
القسم النسائي - الغرب,dep_600906
عبد الله بن سعيد القحطاني,dep_600911
مشرفة ,dep_600912
الماجد,dep_600913
مسجد رياض الصالحين,dep_600914
جامع الصغير - مجمع الوقار التعليمي ,dep_600915
مسجد عمير بن سعد الانصاري - مجمع الوقار التعليمي,dep_600916
مسجد عبدالعزيز الخريف - مجمع الوقار التعليمي,dep_600917
أم سلمة ( الروضة ) مسائي,dep_600921
السويلم,dep_600926
سيرين القبطية صباحاً,dep_600927
جامع الأمير فهد بن محمد آل سعود,dep_600928
حلقات البيان بجامع معزي العصيمي,dep_600938
جامع عبد العزيز العسكر,dep_600939
الإحسان,dep_600942
مسجد سعد بن أبي وقاص - ب,dep_600943
الفتاة صباحاً,dep_600944
والدة الأمير طلال بن سعود - مجمع الفاروق التعليمي,dep_600945
جامع الصانع 2 حلقات مؤمن _ مجمع قرآني,dep_600946
الأمير محمد بن سعود,dep_600948
السبعان,dep_600949
طرفة بنت حمد- مجمع العلماء التعليمي,dep_600951
حلقات والدة علي الهزاع,dep_600952
الخضير ,dep_600953
بن سحيم,dep_600965
نور الهداية صباحي,dep_600966
مركز اشراف العزيزية القسم النسائي,dep_600971
الخلفاء الراشدين,dep_600974
عبد الله بن تركي الضحيان,dep_600975
محمد عبد العزيز الجميح - مجمع مشكاة التعليمي النموذجي,dep_600978
قسم إشراف الدائري الغربي,dep_600982
مسجد الخفرة - مجمع بينات التعليمي النموذجي,dep_600983
 طرفه بنت حمد المسائية,dep_600986
أم خالد (صباحي),dep_600992
الأنفال (صباحي),dep_600993
مركز تدريب الغرب النسائي للتأهيل والتطوير,dep_600994
مركز تدريب الشمال النسائي للتأهيل والتطوير,dep_600995
مركز تدريب الجنوب النسائي للتأهيل والتطوير,dep_600996
مركز تدريب الشرق النسائي  للتأهيل والتطوير,dep_600997
مركز نورين للتدريب والتطوير ,dep_600998
مركز مهارة للتدريب والتطوير ,dep_600999
معهد ايفاد للتأهيل والتطوير,dep_601000
معهد بصائر للتأهيل والتطوير,dep_601001
معهد سليمان القاسم للتأهيل والتطوير,dep_601002
معهد ابن الجزري للتأهيل والتطوير,dep_601003
معهد الحمودي للتأهيل والتطوير,dep_601004
فهد منير العتيبي - ابن عمر,dep_601005
آل الشيخ,dep_601006
معهد الشرق لإعداد المعلمات ,dep_601007
معهد الجنوب لإعداد المعلمات ,dep_601008
معهد الغرب لاعداد المعلمات,dep_601009
معهد الشمال لإعداد المعلمات ,dep_601010
هيله مسائي,dep_601011
هيله صباحي,dep_601012
الذكر الحكيم مسائي,dep_601013
حلقة اليمامة الشمالي,dep_601015
صالح الدهش,dep_601018
زامل السليم,dep_601019
الفريان(عتيقة),dep_601020
بن شويش,dep_601021
اليقين - صباحي,dep_601022
اليقين - مسائي,dep_601023
حماد الثقفي,dep_601024
مسجد العواد - الفيحاء,dep_601026
أسيد بن خضير,dep_601027
مسجد سعد بن ابي وقاص,dep_601029
الملك عبدالعزيز,dep_601031
عمر بن عبد العزيز,dep_601032
لولوة الوهيب,dep_601035
الأندلس مسائي,dep_601037
قسم المعاهد والتدريب النسائي ,dep_601038
نورة الحصيني,dep_601043
الإمام الذهبي بمسجدالرفيعة,dep_601044
حلقة أبوطلحة الأنصاري,dep_601045
حلقة مالك بن الحويرث (كبار),dep_601046
حلقة أبو قتادة الأنصاري (كبار),dep_601047
حلقة الشيخ / عبدالرحمن زيد الشلهوب,dep_601048
حلقة أبوسعيد الخدري,dep_601049
حلقة مرارة بن الربيع (كبار),dep_601050
حلقة حاطب بن أبي بلتعة (متوسط),dep_601051
حلقة حاطب بن أبي بلتعة (ثانوي),dep_601052
اروى بنت كريز مسائي,dep_601054
معهد تدبر لمعلمات القرآن الكريم ,dep_601055
الفضل و أم سعود,dep_601056
علي الطويل,dep_601057
الصفا,dep_601058
الياسمين صباحي,dep_601059
العطاء صباحي,dep_601060
العطاء مسائي,dep_601061
الرضوان,dep_601062
مكتب الاشراف النسائي,dep_601063
العابدين,dep_601071
الأمير متعب بن عبدالعزيز الشمالي - مجمع ابي موسى الاشعري النموذجي,dep_601074
الشعلان 2 سلطانه,dep_601076
الأمير سلطان بن عبدالعزيز ,dep_601077
أبي بكر الصديق,dep_601078
الامير متعب بن عبدالعزيز- مجمع أبي موسى الاشعري النموذجي,dep_601079
مجمع حلقات جامع خديجة بنت محمد بغلف,dep_601080
الملك عبد العزيز بالعليا الشرقية,dep_601081
معهد نورين لاعداد المعلمات ,dep_601082
الأميرة الجوهرة بنت فيصل مجمع مشكاة التعليمي,dep_601083
عثمان بن عفان,dep_601085
جامع أبوبكر الصديق,dep_601093
الشيخ صالح العبيلان,dep_601096
مسجد ابن عيسى,dep_601104
الخدمات المساندة القسم النسائي,dep_601106
الشئون المالية - القسم النسائي,dep_601107
مناهل الفرقان مسائي,dep_601108
أحمد بن حنبل,dep_601111
أنس بن مالك - مجمع الفريان النموذجي,dep_601112
الغفران,dep_601115
مجمع حلقات جامعة الأميرة نورة بنت عبدالرحمن ,dep_601116
جامع حلقات موسى بن النظر,dep_601117
جامع العقلة,dep_601118
الإدارة التنفيذية لمشروع بناء رعاية الموهوبات,dep_601120
جامع الأميره فهده العاصي الشريم ,dep_601121
مركز رعاية الموهوبين بناء بالجنوب,dep_601124
مركز رعاية الموهوبين بناء بالشرق,dep_601125
مركز رعاية الموهوبين بناء بالشمال,dep_601126
مركز رعاية الموهوبين بناء بالغرب,dep_601127
الإدارة العامة لمشروع بناء لرعاية الموهوبات,dep_601128
النور صباحي,dep_601129
ابن جبرين مسائي,dep_601130
عبدالعزيز النصار,dep_601131
الشيخ صالح الفوزان,dep_601132
جمانة بنت أبي طالب مسائي,dep_601133
صفوة التاليات مسائي,dep_601135
السعود,dep_601136
العجلان(الخالدية),dep_601137
أنس بن مالك,dep_601138
عبدالله وابنه محمد المعمر ,dep_601139
مسجد الصديق 2,dep_601141
شماء بنت محمد مسائي,dep_601142
شماء بنت محمد صباحي,dep_601143
زينب بنت علي بن أبي طالب مسائي,dep_601144
طرفه بنت حمد الصباحية,dep_601146
أبو بكر الصديق,dep_601147
حسان بن ثابت,dep_601148
التلقين,dep_601149
عائشة بنت أبي بكر,dep_601150
محمد بن راشد المزيعل,dep_601151
عمر بن العاص,dep_601154
عبد الله بن الزبير,dep_601155
عبد الله بن عمر,dep_601156
عبد الله بن عباس,dep_601157
عبد الله بن مسعود,dep_601158
الامام ابي حنيفة,dep_601159
الامام مالك,dep_601160
ابي بكر الصديق,dep_601161
عمر بن الخطاب ,dep_601162
الامام ابن تيمية,dep_601163
حلقة الإتقات  ( 2 ) ,dep_601164
نورة الوهيبي - مسائية,dep_601169
المركز التربوي ( التلقين ),dep_601170
المركز التربوي (  الابتدائية ),dep_601171
المركز التربوي ( المتوسطة ),dep_601172
معاذ بن جبل,dep_601173
مصعب بن عمير,dep_601174
الامام البخاري,dep_601175
عبد الله بن رواحة,dep_601176
اسامة بن زيد,dep_601177
حلقات رتل بمسجد الشيخ عبدالله بن سيف,dep_601178
عبدالعزيز الرويتع مسائي,dep_601179
مسجد جعفر بن أبي طالب,dep_601180
الحكمة صباحي,dep_601181
لولوة بنت دعيج العاصمي,dep_601183
الفاروق,dep_601185
الندى صباحي,dep_601195
دوحة القرآن.صباحي,dep_601196
قسم الإختبارات بالإدارة,dep_601197
قسم الاختبارات - الدائري الغربي,dep_601198
قسم الاختبارات - الدائري الشمالي,dep_601199
قسم الاختبارات - الوسط الشمالي,dep_601201
الفريان,dep_601203
حكمة النسائية المسائية,dep_601204
قسم الاختبارات - الغرب,dep_601205
قسم الاختبارت - الروضة,dep_601208
قسم الاختبارات - العزيزية,dep_601209
الحمراء - الصباحية ,dep_601210
الحمراء - المسائية ,dep_601211
أزهار البيان مسائي,dep_601212
اقرأ مسائي,dep_601213
أحمد الجار الله,dep_601214
عبد الله العجلان,dep_601215
جامع سلمان الفارسي,dep_601219
مسجد طلحة بن عبيدالله,dep_601220
عبد الله البندقاني,dep_601221
العباس بن عبدالمطلب صباحي,dep_601225
الجنان مسائي ,dep_601227
مسجد خالد بن الوليد,dep_601229
مبارك حمد الدوسري,dep_601231
أبناء أحمد باسودان,dep_601232
الجوزاء,dep_601234
أم رومان بنت عامر مسائي,dep_601236
الفوزاني,dep_601237
أم أيمن المعيزلية صباحي ,dep_601238
الأمير عبدالله بن عبدالرحمن الفيصل,dep_601239
أم عبدالله الحسين مسائي,dep_601241
حذيفة بن اليمان,dep_601242
جامع الفرسان,dep_601243
عبدالله النعيم,dep_601244
أم عبدالله الحسين صباحي,dep_601245
ابن قيم الجوزية,dep_601246
جامع ضيحة معتق العتيبي,dep_601247
جامع الشافعي - مجمع جيل القرآن النموذجي,dep_601248
هياء بنت محمد العيسى,dep_601249
جامع محمد الدعجاني ,dep_601250
مركز إشراف الدائري الشمالي القسم النسائي,dep_601251
جامع أبي عبيدة بن الجراح,dep_601252
عثمان بن عفان ,dep_601253
قسم مناديب المكاتب الاعلامية ,dep_601254
اكاديمية تاج نت ,dep_601255
أم أنس مسائي,dep_601256
الزياد,dep_601263
مسجد الأسرة ,dep_601264
مها فالح الدوسري,dep_601265
حلقات جامع الرمال,dep_601266
مسجد البدر ,dep_601267
مسجد عوض الحربي,dep_601268
التعاون (3) / مجمع القراء التعليمي,dep_601271
عبدالله بن حمد بن سليم ,dep_601273
الثريا مسائي,dep_601274
باجنيد,dep_601275
سعيد السيد,dep_601277
حصة الراضي ,dep_601278
الطريقي ,dep_601279
أبو هريرة (2),dep_601280
جامع الراجحي ,dep_601281
حلقات مسجد الجدتين,dep_601282
حمد الوهيبي / مجمع القراء,dep_601283
مسجد أبي سعيد الخدري ,dep_601284
نعيم بن مسعود,dep_601285
جامع أم الحمام الشرقية,dep_601291
مسجد السهلي,dep_601293
جامع محمد عبدالله الوهبي الحربي ,dep_601294
سعد الضويحي ,dep_601295
عائشة بنت خميس الذيبان,dep_601296
مدرسة سارة العريفي - مسائي ,dep_601297
حلقات نور الرحمن في مسجد الخريجي الشمالي بعتيقة ,dep_601298
الأميرعبدالعزيز بن فهد ,dep_601299
سعيد  بن زيد ,dep_601302
الشيخ محمد عبدالله الماجد,dep_601303
مالك بن سعيد,dep_601304
الوالدين مسائي,dep_601305
مسجد مخطط القصر 2 - مجمع قرآني,dep_601306
مسجد العويمرية الشمالي / مجمع الفاروق التعليمي,dep_601307
محسن مجلي با مجلي,dep_601308
الجود صباحي,dep_601309
النملة مسائي,dep_601311
حصة سليمان العثيم,dep_601312
الفتح مسائي,dep_601315
تدريب معلمين ومعلمات,dep_601317
سعد بن معاذ (2),dep_601318
مدينة المهيلب  ,dep_601319
الارتقاء (صباحي),dep_601320
أئمة الدعوة,dep_601322
قسم الاشراف المدرسي للنساء (رجال) - الجمعية,dep_601324
قسم التأهيل والتدريب الرجالي  - الجمعية ,dep_601325
قسم الدراسات والتقويم - الجمعية,dep_601326
قسم الإشراف الرجالي - الجمعية,dep_601327
قسم البرامج والمسابقات - الجمعية,dep_601328
أبو بكر الصديق (المنصورة),dep_601329
قسم الضبط المالي,dep_601330
قسم المحاسبة,dep_601331
قسم الاختبارات - الجمعية ,dep_601332
قسم المتابعة النسائية,dep_601334
عبد العزيز المانع,dep_601337
مسجد/ عبدالعزيز الفياض ,dep_601338
حلقات مسجد أبي أمامة الباهلي,dep_601339
الشيباني,dep_601340
النجاة صباحي (روضة),dep_601343
عبد الله بن عمر,dep_601345
جامع الشيخ عبدالعزيز بن صالح المرشد,dep_601347
العلي السالم,dep_601348
الأبرار,dep_601349
والدة محمد الثنيان,dep_601351
الجواهر الحسان صباحي,dep_601353
العوالي,dep_601354
 ام فهد السعيدان,dep_601355
الجوهرة,dep_601356
النرجس,dep_601357
ام المؤمنين عائشة,dep_601358
ام خالد,dep_601359
ام انس,dep_601360
مجمع الرياحين - المونسية,dep_601361
مجمع الرياحين - السلام,dep_601362
مجمع الرياحين - الشفا,dep_601363
مجمع الرياحين - الفلاح,dep_601364
مجمع الرياحين - الصحافة,dep_601365
مجمع الرياحين - المنصورة,dep_601366
قحصان اليامي ,dep_601367
أحمد الحصين ,dep_601368
مسجد عبدالرحمن بن عوف ,dep_601369
اقرأ - مسائية ,dep_601370
الامير محمد بن عبدالرحمن الفيصل ,dep_601371
المركز النسائي لتحفيظ القرآن والسنة في إسكان جامعة الامام ,dep_601372
 جامعة الملك سعود,dep_601373
الأميرتركي بن عبدالله,dep_601374
الأميرتركي بن عبدالله,dep_601375
حاملات المسك - صباحي,dep_601376
الشيخ عبدالعزيز الحكير,dep_601377
مدرسة السعيدان بالعليا,dep_601378
الرضوان,dep_601379
مناهل الفرقان صباحي,dep_601382
سليمان العباد,dep_601383
صهيب الرومي,dep_601384
إقرأ الصباحية ,dep_601386
إقرأ المسائية ,dep_601387
مسجد النور ,dep_601388
أزهار البيان صباحي,dep_601389
1مكتب الإشراف النسائي(خاص بالخاتمات),dep_601390
جامع العمران,dep_601391
حفصة بنت سيرين مسائي,dep_601392
مسجد عبدالكريم الخليفي,dep_601393
درة بنت أبي سلمة صباحي,dep_601394
ناصر بن مهنا السبيعي,dep_601395
التقوى - الصبيحي,dep_601396
سعد الخثلان,dep_601399
جامع النمر - مجمع الفرقان التعليمي,dep_601403
الايمان,dep_601404
أم عبد الله الدغيشم,dep_601405
خديجة بنت خويلد مسائي,dep_601406
خديجة بنت خويلد,dep_601407
جامع زيد المليحي,dep_601408
علياء مسائي,dep_601409
عاتكة بنت زيد صباحي روضة صناع المجد,dep_601410
الرميصاء صباحي,dep_601411
جامع الأميره العنود بنت عبدالعزيز,dep_601412
رياض الجنان مسائي,dep_601413
عمر بن عبدالعزيز,dep_601414
عبدالعزيز بن باز (2),dep_601415
ابن باز - اسكان الأفراد ( جامع الفاروق),dep_601417
الاترجة صباحي,dep_601418
القدس صباحي,dep_601419
نورة الصبيح وحفيداتها صباحي,dep_601420
إقرأ ( صباحية),dep_601421
جامع أحمد بن عبدالرحمن العبيلان,dep_601422
القيم -  صباحي,dep_601423
أبي بن كعب,dep_601424
زاد المعاد,dep_601425
الهدى,dep_601426
اقرأ - صباحية,dep_601427
رياض النرجس صباحي,dep_601428
اليرموك صباحي,dep_601429
الضياء صباحي,dep_601430
مسجد عمار بن ياسر حلقات أبي هريره,dep_601432
مسجد الطويلعة,dep_601433
مدرسة دار القدس لتحفيظ القرآن الكريم,dep_601435
أروى بنت كريز صباحي,dep_601436
ركيب علي الرمال,dep_601437
جامع ابن عثيمين,dep_601438
والدة أحمد البلوي,dep_601439
جامع حمود اللحيدان,dep_601440
حلقه الشيخ / محمد بن ابراهيم,dep_601441
جامع حمد المورقي,dep_601442
مسجد موسى بن نصير,dep_601443
جامع ضاحية بلنسية,dep_601444
عبدالعزيز بن باز (3),dep_601445
أبو بكر الصديق (3),dep_601446
الوالدين (1),dep_601447
جامع الأمير تركي بن عبدالله,dep_601448
مسجد فهد المطيري,dep_601449
مجمع حلقات المعيلي,dep_601450
منابر النور الصباحية,dep_601451
منابر النور المسائية,dep_601452
أسماء بنت أبي بكر,dep_601453
الشيخ عبد الله إبراهيم القباع وحرمه,dep_601454
هيا الخضير,dep_601455
هيا الخضير,dep_601456
جامع عبدالعزيز الغليقه,dep_601457
الإمام مالك بن أنس,dep_601458
مسجد ابراهيم القريشي,dep_601459
نادي إنسان الاجتماعي ,dep_601460
جامع التيسير,dep_601461
ذو النورين,dep_601463
السنابل صباحي,dep_601464
زينب بنت جحش,dep_601465
سليمان الدخيل,dep_601466
جامع بن باز,dep_601467
عمر بن الخطاب (5),dep_601468
فاطمة باحويرث,dep_601469
حصة القبيسي ,dep_601470
أنس بن مالك,dep_601471
فاطمة بنت محمد,dep_601472
مقرأة مركز الغرب الأولى بمسجد الخضيري,dep_601473
الأمير مشعل ,dep_601474
مدرسة روضة الصالحات ,dep_601475
الجميح ( الوزارات),dep_601476
اشبيليا,dep_601477
الرميصاء صباحي,dep_601478
جامع والدة الأمير منصور,dep_601479
جنى الجنتين المسائية,dep_601480
ابو بكر الصديق,dep_601481
عبد الله بن مسعود,dep_601482
عبد الله الجريان,dep_601483
سعد بن عبادة,dep_601484
النور (2),dep_601485
دار لطيفه بنت عبدالله الخلف,dep_601486
السلامة مسائي ,dep_601487
حلقات جامع التقوى ,dep_601488
السلامة صباحي ,dep_601489
معاذ بن جبل,dep_601490
الخراشي,dep_601492
جامع الصفوة,dep_601493
خالد بن الوليد,dep_601494
رحاب القرآن,dep_601495
البركات,dep_601496
عائشة بنت أبي بكر الصديق,dep_601497
هيا القضيع,dep_601498
منيرة بنت عبداللطيف ال الشيخ,dep_601499
أبو بكر الصديق,dep_601500
الشهداء,dep_601501
الوالدين (2),dep_601502
جامع العريني,dep_601503
التعاون,dep_601504
روضة الجزيرة المسائية,dep_601505
عبقرية الشروق المسائية,dep_601506
حمد الزير,dep_601508
مسجد عبدالعزيز العثمان,dep_601509
عبد العزيز بن باز,dep_601510
محمد بن راشد الثوري,dep_601511
زيد بن ثابت,dep_601512
الإمام الشاطبي ,dep_601513
أم هانئ صباحي,dep_601514
غزوى المطيري - مسائية,dep_601515
صالح العبدالقادر 2 بصياح,dep_601516
محمد الراجحي,dep_601517
الدورات الرمضانية,dep_601518
عبقرية الشروق الصباحية,dep_601519
روضة الجزيرة الصباحية,dep_601520
جامع ابراهيم السباح,dep_601521
مدرسة ابراهيم محمد السباح المسائية,dep_601522
مدرسة ابراهيم محمد السباح الصباحية,dep_601523
إصلاحية الرياض,dep_601524
دار الأبرار المسائية,dep_601525
جامع نوره,dep_601526
حلقة مغلقة,dep_601527
النخبة,dep_601528
عبدالله السديس ,dep_601529
مسجد سعيد القحطاني,dep_601530
name,id
