1???? ??????? ???????(??? ?????????),dep_601390
2??? ??????? ???????? ????????,dep_600787
8887777777,dep_18302
name,id
test,dep_600507
???????? ???????,dep_17508
???????? ??????? ????,dep_17509
??????? ??????,dep_13326
??????? ??????,dep_13346
??????? ???????,dep_10256
??????? ???????,dep_12266
????? ???? ???????,dep_601232
??? ??????,dep_16661
??? ?????,dep_17118
??? ?????,dep_17302
??? ??????,dep_16982
??? ?????? ,dep_12204
??? ????? ,dep_10882
??? ?????,dep_13430
??? ?????,dep_16658
??? ?????,dep_17227
??? ????? ???????  l????? ?????,dep_10411
??? ????? ( ??? ????? ),dep_600171
??? ????? ?????,dep_11221
??? ???????,dep_16655
??? ??? ,dep_17157
??? ???,dep_17228
??? ???,dep_17658
??? ??? - ????? ??????? ( ???? ???????),dep_601417
??? ?????,dep_17070
??? ????,dep_10555
??? ????? ?????,dep_601130
 ??? ?????,dep_10532
??? ??? ?????????,dep_10875
??? ???,dep_12234
??? ????,dep_16156
??? ????,dep_10645
??? ?????,dep_12226
??? ????(2),dep_10575
??? ???? ???? ????? ????? ????????,dep_10911
??? ????,dep_17217
??? ????,dep_12414
??? ????,dep_16652
??? ????,dep_17061
??? ???? (2) ????? ????? ?????,dep_10545
 ??? ??????,dep_13120
??? ????,dep_10017
??? ?????,dep_17030
??? ??????,dep_16660
??? ?????? ???? ????,dep_16173
??? ?????? -???? ??? ?????? ????????,dep_12141
??? ????,dep_17029
??? ????,dep_10180
??? ????,dep_17103
??? ???? ,dep_17125
??? ????,dep_600127
??? ?????,dep_12125
??? ?????,dep_16651
??? ??? ???????,dep_601246
??? ????,dep_10685
??? ????,dep_12760
??? ???? ?????,dep_17055
??? ???? ?????,dep_600107
??? ?????,dep_16164
??? ????,dep_10127
 ??? ???,dep_10553
??? ????,dep_10799
??? ????,dep_16989
??? ??? -???????,dep_600641
??? ??? ?????? (2),dep_12236
??? ??? ?????? (3),dep_601446
??? ??? ?????? ,dep_10339
??? ??? ?????? ,dep_10384
??? ??? ??????,dep_16200
??? ??? ??????,dep_16511
??? ??? ??????,dep_16612
??? ??? ??????,dep_16963
??? ??? ??????,dep_17013
??? ??? ??????,dep_17250
??? ??? ??????,dep_600089
??? ??? ?????? ,dep_600439
??? ??? ??????,dep_601147
??? ??? ??????,dep_601481
??? ??? ??????,dep_601500
??? ??? ?????? ( ??????? ) 2,dep_600191
??? ??? ?????? (???????),dep_16386
??? ??? ?????? (????????),dep_601329
??? ??? ?????? - ??? ?? ??????,dep_16451
?????? ??????(??????),dep_10695
??? ??? ?????? (?????),dep_16382
??? ??? ?????? ( ????? ) ,dep_600193
??? ???? ?????? ?????,dep_11652
??? ????,dep_600019
??? ???,dep_600291
??? ??? ????????- ???? ?????????,dep_600188
??? ????? ?? ???,dep_600473
??? ????? ???????? - ???? ??????,dep_600182
????????,dep_12075
??? ????? ???? ?? ??????,dep_12602
??? ????? ???? ?? ??????,dep_17259
??????? ??????,dep_17054
??? ???? ??????? ,dep_16208
??? ????? (1),dep_10496
??? ????? (2),dep_601280
??? ?????,dep_11047
????????,dep_13011
??? ????? ,dep_16207
??? ???? ????????,dep_10137
??? ??? ?????? 2,dep_600391
??? ??? ?????? ,dep_10913
??? ??? ??????,dep_16251
??? ??? ??????,dep_16403
??? ??? ??????,dep_601078
??? ??? ??????,dep_601161
??? ??? ?????? (????? ???????),dep_10717
??? ??? ?????? (????? ?????),dep_10143
??? ??? ?????? -???????,dep_10951
??? ?? ???,dep_17063
??? ?? ???,dep_601424
??? ?? ??? ????? ?????? ?? ?????,dep_10104
??? ?? ??? - ???? ????? ???? - ??????,dep_600192
??? ?? ??? ????? ???? ????????,dep_12404
??? ?????,dep_12389
??? ?? ??????? ,dep_16503
??? ???? ??????,dep_10638
??? ????????? ?????? ,dep_16505
??? ????? ?? ??????,dep_10399
??? ????? ???? ?? ??????,dep_16259
??? ????? ??????,dep_16053
??? ?????,dep_10124
??? ?????,dep_10727
??? ???? ??????,dep_13303
???,dep_11452
???,dep_13132
???? ????? ????,dep_601214
???? ?????? ,dep_601368
???? ??????,dep_16352
???? ?????,dep_13203
???? ?? ?????,dep_12792
???? ?? ???? (1),dep_10748
???? ?? ???? (2),dep_10713
???? ?? ????,dep_10248
???? ?? ???? ,dep_17028
???? ?? ????,dep_17062
???? ?? ????,dep_600071
???? ?? ????,dep_601111
???? ?? ???? ( ??????? ),dep_10988
???? ?????,dep_17067
????? ?????????,dep_17
????? ?????? ?????????,dep_12
????? ?????? ???????,dep_18
 ???? ??? ????????? ?????,dep_11204
???? ??? ???? ?????,dep_601436
???? ??? ???? ?????,dep_601054
????? ?????? ?????,dep_601389
????? ?????? ?????,dep_601212
????? ?? ???,dep_12747
????? ?? ???,dep_600158
????? ?? ??? ,dep_600175
????? ?? ???,dep_600335
????? ?? ???,dep_600441
????? ?? ???,dep_601177
????? ?? ??? ??????,dep_17065
????? ?? ??? ??????,dep_17066
????? ??????,dep_10305
????? ???? ????? ????? ????? ??????,dep_13144
????? ????? ????????,dep_12775
????? ????? ????????,dep_10187
????? ??? ??? ???,dep_16319
????? ??? ??? ???,dep_17994
????? ??? ??? ???,dep_601453
????? ??? ??? ??? ?????,dep_11223
????? ??? ????,dep_600093
????? ??? ???? ?????????,dep_11804
???? ??? ?????,dep_17938
???? ??? ????? ?????,dep_11463
???? ?? ????,dep_601027
 ???? ??? ????? ?????,dep_11203
???????,dep_601477
??????? ??????,dep_601524
?????? ?????? ?????,dep_600731
???? ???????? ,dep_601386
???? ???????? ,dep_601387
???? ( ??????),dep_601421
???? - ??????,dep_601427
???? ?????,dep_11300
???? ?????,dep_601213
???? - ?????? ,dep_601370
???????? ??? ?? ,dep_601255
?????????? ?????? ?????????,dep_17451
?????????? ?????? ????? ????,dep_17449
?????????? ???????,dep_17450
?????????? ??????? ????,dep_17453
?????????? ??????? ???,dep_18165
?????????? ??????? ???,dep_18167
?????????? ???????,dep_17452
?????????? ??????? (?? ????),dep_18172
???????,dep_13114
???????,dep_601349
??????? ?????,dep_11416
???????/ ???? ?????? ????????,dep_600820
??????? ?????,dep_601418
??????? ?????,dep_600357
??????? ,dep_10325
??????? ,dep_11345
???????,dep_13158
???????,dep_600942
 ??????? ?????,dep_11202
????????,dep_12329
???????,dep_10506
??????? ?????,dep_12476
???????,dep_17213
???????,dep_10835
??????? ????????? ?????? ???? ????? ?????????,dep_601120
??????? ?????? ?????? ???? ?????? ?????????,dep_601128
??????? ????????,dep_2
????????,dep_11378
???????? (?????),dep_601320
??????,dep_10665
 ?????? ????? -??????? ,dep_11163
?????? ????? -?????,dep_600396
????????? ?????,dep_11195
 ?????? ?????,dep_11129
????????,dep_16656
?? ?????,dep_12050
?? ?????,dep_601006
?????? ??? ?????,dep_600108
?????? ??? ?????,dep_601163
?????? ??? ???? ,dep_16417
?????? ??? ????,dep_16418
?????? ??? ????,dep_16419
?????? ??? ????? - ???? ?? ???? - ?????,dep_600240
?????? ??? ?????,dep_16416
?????? ??? ?????,dep_16423
?????? ??? ?????,dep_601159
 ?????? ???? ( ?? ??? ????  ),dep_10851
?????? ???? ?? ???? ,dep_10965
?????? ???? ?? ????-???? ???? ????- ??????,dep_600196
?????? ???????,dep_16267
?????? ???????,dep_16415
?????? ???????,dep_16812
?????? ???????,dep_600267
?????? ???????,dep_601175
?????? ???????,dep_600270
?????? ?????? ,dep_17009
?????? ?????? ????????????,dep_601044
?????? ???????,dep_16428
?????? ???????,dep_16508
?????? ??????? ,dep_601513
?????? ??????? - ???? ?????? ????????,dep_10299
?????? ??????? ????,dep_600136
?????? ??????,dep_10633
?????? ??????? - ?????? - ?????,dep_600239
?????? ???????,dep_16420
?????? ???????,dep_16421
?????? ???????,dep_600269
?????? ?????? ,dep_17010
?????? ???? ??????- ???? ???????- ???????- ?????,dep_600234
?????? ???? ?????? - ???? ??? ??????- ??????- ?????,dep_600235
?????? ????,dep_601160
?????? ???? ?? ???,dep_601458
 ?????? ???? ?? ???? ?????,dep_11252
?????? ????,dep_10372
?????? ????,dep_16261
?????? ????,dep_16414
?????? ???? ?? ????,dep_10504
?????? ???? ?? ???? ?? ????,dep_10669
??????? ??????? ?? ???? ,dep_17438
??????? ??????? ,dep_10543
??????? ??????? ?? ???????,dep_10442
??????? ??????? ??? ???? ???? ????? ????????,dep_601083
??????? ???????  (????),dep_10673
??????? ?????? ??? ????????? ?? ????,dep_10065
??????? ?????? ??? ????,dep_11382
??????? ??? ??? ?????????,dep_12005
??????? ????,dep_10102
??????? ??????? ??? ???? ?? ????,dep_10207
??????? ???? ??? ?????????,dep_11002
??????? ????? ??? ????,dep_10577
??????? ????? ??? ?????????,dep_10217
??????? ????? ??? ????????? (2) - ???? ?????,dep_11035
??????? ???? ???????,dep_10493
??????? ????,dep_10106
??????? ???? ??? ?????????,dep_10749
??????? ???? ??? ???????,dep_10420
?????? ???? ?? ??? ??????,dep_10503
?????? ???? ?? ?????????,dep_10670
?????????? ?? ???????,dep_601374
?????????? ?? ???????,dep_601375
?????? ???? ?? ???? (1)-??????,dep_10993
 ?????? ???? ?? ???? (2)- ??????,dep_10253
?????? ???? ?? ???? / ???? ?????? ????????,dep_10464
?????? ??? ?? ????,dep_600038
?????? ????? ,dep_17166
?????? ????? ?? ??? ??????,dep_10056
?????? ????? ?? ??? ??????,dep_10365
??????????? ?? ??? ??????,dep_10456
?????? ????? ?? ?????????,dep_12190
?????? ????? ?? ??? ?????? ,dep_600852
?????? ????? ?? ????????? ,dep_601077
?????? ????? ?? ????????? - ???? ?????,dep_10148
?????? ????? ?? ????,dep_17219
?????? ??? ??????,dep_10521
?????? ????????? ?? ?????????(???????),dep_10679
?????? ????????? ?? ???????,dep_12060
?????? ??? ?????? ??? ???? (2) ,dep_10771
?????? ????????? ??????? (2) _ ???? ??????? ????????,dep_12219
??????????????? ?? ??? ,dep_601299
?????? ??????? ?? ????????? ??????,dep_601239
?????? ??????? ?? ????????? (??????),dep_10130
?????? ??? ?? ???,dep_10697
?????? ??? ?? ???? ?? ????,dep_600740
?????? ???? ?? ???,dep_11004
?????? ???? ?? ???,dep_10449
?????? ???? ?? ????????? ??????? - ???? ??? ???? ??????? ????????,dep_601074
?????? ???? ?? ????????? ??????,dep_10779
?????? ???? ?? ?????????(??????),dep_10891
?????? ???? ?? ?????????- ???? ??? ???? ??????? ????????,dep_601079
?????? ???? ?? ????,dep_600948
?????? ???? ?? ????????? ?????? ,dep_601371
?????? ???? ?? ??? ??????,dep_10029
?????? ???? ?? ??? ?????? - ???? ?????,dep_10696
?????? ???? ,dep_601474
?????? ???? ?? ???????,dep_10872
 ?????? ????,dep_10743
?????? ????,dep_16150
 ??????? ??????? - ?????,dep_13544
??????? ??????? ??? ??????,dep_10505
??????? ??? ???????,dep_10502
??????? ?????,dep_601037
 ???????? ?????,dep_11309
??????? (?????),dep_600993
??????? ?????,dep_26515
???????,dep_10027
???????,dep_10602
???????,dep_16329
???????,dep_601404
??????? ?????,dep_11679
????? ?? ????,dep_16516
????????,dep_10361
???????? ?????,dep_600670
???????? ?????,dep_600489
???????,dep_600087
???????,dep_600328
?????,dep_600894
??????,dep_10676
?????? ???????,dep_16402
?????? ???????,dep_600258
????,dep_10004
?????? ?? ????,dep_10893
?????? ?? ????,dep_10412
?????? ?? ????,dep_16709
??????? ,dep_600208
???????,dep_10750
???????,dep_601496
??????,dep_17124
??????,dep_17126
???? ????????,dep_10317
??????,dep_600350
?????? ????????,dep_17872
???????,dep_16422
???????,dep_600271
????????? ?????,dep_16605
 ??????? - ??????,dep_11278
 ??????,dep_11131
??????? ?????,dep_11264
??????? ?????,dep_11705
??????,dep_10443
??????? ?????,dep_11604
???????? ,dep_600895
?????,dep_600268
??????,dep_17934
?????? - ??????,dep_11177
???????,dep_11393
??????? ,dep_17437
???????? ?????,dep_600492
???????? ?????,dep_11206
???????,dep_10015
?????? ,dep_17434
??????,dep_17926
?????? ?????,dep_11750
?????? ?? ?????? ??????,dep_17624
 ?????? ????? ,dep_11262
??????? ????? ???? ????? ?????,dep_32222
??????? ?????,dep_11149
???????? ?????,dep_11198
???????,dep_600128
???????,dep_17002
??????,dep_10152
?????? ,dep_10501
???????,dep_17012
???????,dep_17222
??????? ,dep_10151
??????? (2),dep_12233
??????? (3) / ???? ?????? ????????,dep_601271
???????,dep_601504
??????? - ?????,dep_600737
??????? - ?????,dep_11386
?????? ,dep_10288
??????,dep_13416
??????,dep_16334
??????,dep_17931
??????,dep_600660
?????? - ???? ?? ????,dep_600394
?????? - ???????,dep_11355
?????? - ???????,dep_601396
?????? ????? ???????,dep_10860
?????? ?????,dep_11822
?????? -???? ??? ?????? ????????-,dep_10134
?????? ?????,dep_11124
???????,dep_601149
?? ????,dep_16987
???????,dep_10048
??????? (1),dep_10552
??????? (1),dep_600454
???????,dep_600237
???????,dep_600254
??????? ,dep_600644
??????? -??????,dep_10958
??????? - ??????,dep_11319
???????,dep_17210
???????? - ???????,dep_600409
???????,dep_10219
???????? ??????,dep_18171
?????? - ??????,dep_11829
?????? ?????,dep_601274
????????,dep_10014
??????? (1),dep_10525
????? ????,dep_10465
????????,dep_16604
????????,dep_600286
?????? ???????,dep_16858
??????,dep_17212
???????,dep_16182
???????,dep_18260
?????? ?????? ?????,dep_11502
?????? ,dep_17432
?????? ( ????????),dep_601476
??????? 4 (???? ?????? ???????? ),dep_12054
?? ????,dep_16962
?????? ????? ,dep_601227
??????? ?????? ?????,dep_601353
??????? ?????? ?????,dep_600805
????? ?????,dep_601309
????? ?????,dep_11247
???????,dep_601234
???????,dep_10604
???????,dep_601356
???????  - ??????,dep_15009
??????? - ??????,dep_11856
???????,dep_10036
???????,dep_10228
??????? ?? ???????,dep_10866
 ???????? ?????,dep_11125
?????? ?? ??? ???????,dep_10915
??????? ?????,dep_11979
??????? ?????,dep_11209
???????? ,dep_600340
??????,dep_12059
???????,dep_10424
?????,dep_600111
??????? ,dep_10955
???????,dep_600420
????????,dep_16953
???????,dep_600105
??????,dep_10021
?????,dep_12330
??????,dep_12908
?????,dep_10471
?????,dep_10548
?????,dep_16180
?????,dep_16265
????? ??????,dep_10097
????? ?????? ,dep_10510
????? ?? ???,dep_10221
????? ?? ???,dep_17064
????? ?? ??? ,dep_600219
?????? ?? ???,dep_12268
???????,dep_18281
???????(1),dep_10578
???????,dep_600750
?????,dep_16175
????????  (2) - ???? ?????,dep_10817
??????,dep_600236
?????? ?????,dep_601181
 ?????? ?????,dep_11112
??????? ????????,dep_17959
????? ???????,dep_600311
?????? ???????,dep_16400
?????,dep_12425
?????,dep_17216
???????,dep_10165
??????? ???????,dep_10173
??????? - ???????? ,dep_601210
??????? - ???????? ,dep_601211
??????? ?????,dep_600784
??????? ?????,dep_11167
??????? - ???? ?????,dep_10126
 ??????,dep_11134
?????? ?????,dep_600890
?????? ?????,dep_11650
???? ?????? ??????,dep_17170
????????,dep_16900
????????,dep_17225
?????? ?? ?????,dep_10865
?????,dep_16176
??????? ???????? ????? ???????,dep_601106
???????,dep_601492
??????,dep_10284
??????,dep_10672
??????,dep_13007
???????,dep_12078
??????? ???????,dep_10684
???????,dep_16902
??????,dep_600260
???????,dep_12246
?? ????? ???????,dep_16959
?? ????? ???????,dep_16969
??????? ???????,dep_16992
 ??????? ( ????? ??? ?? ???),dep_10131
?????? ,dep_600953
??????? ????????,dep_600974
?????? ??????? ,dep_600793
?????? ???? ??????-???? ????? ???????? ????????,dep_600401
???????,dep_17988
??????? ?????,dep_11315
??????? - ?????,dep_600801
??????,dep_600338
??????,dep_11366
 ??????? ?????,dep_11159
??????? - ?????,dep_600819
??????? ?????,dep_600677
??????,dep_10053
????? ??????? (1),dep_13425
????? ??????? ??????,dep_10722
?????????? ,dep_16105
??????,dep_10732
??????,dep_10923
?????? ,dep_10976
???????,dep_10619
???????,dep_600197
????????? ??????,dep_600807
 ????????? ?????,dep_11180
?????? ,dep_17935
 ?????? ?????,dep_11116
?????? ??????,dep_16260
?????? ??????,dep_16602
?????? ??????,dep_17224
?????? ??????,dep_17229
?????? ?????? ???????,dep_600141
??????? ?????????,dep_601518
?????? - ????? ?? ???,dep_12720
 ???????? ?????,dep_11270
???????? ?????,dep_600663
????? ?????? ?????,dep_601013
????? - ???????? ?????,dep_11487
 ????? ?????,dep_11106
??????? (4) ,dep_10069
???????- (5) ???? ????? ????????? ??????? ????????,dep_12201
???????,dep_16158
 ??????? ( ?????? ) ???? ??????? ????????,dep_10781
??????? ?????? ????? ????? ,dep_600791
??????? ???????????,dep_10340
??????? ?????? ???,dep_10236
??????? ??? ?????,dep_10112
 ??????,dep_10338
?????? ,dep_11109
?????? ?????,dep_11540
????? -???? ??? ?????? ????????-,dep_10356
???????,dep_18316
??????,dep_13134
?????? - ?????,dep_600720
?????? - ?????,dep_11387
?????? ,dep_10429
???????,dep_16179
????????,dep_16411
????????,dep_16425
?????,dep_16973
?????? ?????,dep_11153
???????,dep_11063
???????,dep_12056
??????,dep_10375
???????,dep_601062
???????,dep_601379
??????,dep_600321
???????,dep_600183
???????,dep_16178
???????? ??? ????? ?????,dep_11549
???????? ??? ????? ?????,dep_11660
???????? ?????,dep_601411
???????? ?????,dep_601478
 ???????? ?????,dep_11155
???????? ?????,dep_11228
??????? ?????,dep_600884
??????? ?????,dep_11254
??????,dep_16157
???????,dep_12066
???????,dep_10854
?????? ?????,dep_11609
?????? ?????,dep_11217
?? ????,dep_18312
?????? ?? ??????,dep_10943
?????? ?? ??????,dep_12387
?????? ?? ??????,dep_16204
?????? ?? ?????? ,dep_16513
?????? ?? ??????,dep_600159
?????? ?? ?????? - ???? ??? ?????? ????????,dep_600458
???????,dep_600031
???????,dep_10324
???????,dep_11401
???????,dep_17928
????????,dep_17035
????????? ?????,dep_11827
 ????????? ?????,dep_11123
??????,dep_601263
??????,dep_10512
?? ????,dep_16339
?? ????,dep_600322
????????,dep_12225
????????,dep_600184
???????,dep_600949
??????? -???? ??? ?????? ????????-,dep_10146
????? ???????? ,dep_17435
??????,dep_601136
????????,dep_600318
?? ????,dep_17221
????????,dep_17226
??????,dep_17925
???????,dep_12221
??????? ????? ,dep_601489
??????? ????? ,dep_601487
?????? ?????,dep_11188
?????? ?????,dep_11610
????? ?????,dep_11707
????? ?????,dep_11476
?????????,dep_17208
???????,dep_10322
??????,dep_10265
??????,dep_12342
???????,dep_17230
 ????? ?????,dep_11119
????? ?????,dep_600627
??????? ?????,dep_601464
??????? ?????,dep_600672
???????,dep_10812
????? ?????,dep_600886
????? ?????,dep_11314
???????,dep_10692
??????,dep_10690
???????,dep_12344
???????,dep_600320
???????,dep_600926
?????,dep_16413
???????,dep_12260
???????,dep_16659
????????,dep_600808
?????,dep_10832
????????,dep_17165
???????,dep_16981
 ?? ?????,dep_10593
??????? 2 ??????,dep_601076
????????  (2) ???? ??????? ????????,dep_12212
???????,dep_10277
?????,dep_17211
?????? ,dep_17033
 ?????? ??? ??? ????,dep_11139
??????? ?????,dep_600888
??????? ?????,dep_11197
?????? ??????? ,dep_17034
??????,dep_11021
??????,dep_600170
???????,dep_13005
???????? ???????,dep_10629
?????? ??? ??? ???? - ??????,dep_11857
????????,dep_17031
???????,dep_10285
???????,dep_601501
?????? ??????? - ????? ???????,dep_601107
????????,dep_601340
???????,dep_10654
????? ??? ???? ,dep_16500
????? ????????,dep_600799
????? ??? ???????,dep_10368
????? ???? ???????,dep_10162
????? ???? ???????,dep_18306
????? ???? ????????,dep_601096
????? ???? ??????,dep_10287
????? ???? ???????,dep_601132
????? ????????? ?? ?????,dep_10123
????? ????????? ??????,dep_601377
????? ????????? ?????? ,dep_16121
????? ????????? ?? ???,dep_11058
????? ????????? ?? ???,dep_16408
????? ????????? ?? ??? ?????,dep_11367
????? ??? ???? ??????? ?????? ?????,dep_601454
????? ??????? ?????? - ???? ?????,dep_10153
 ????? ??? ???? ???????? ?????,dep_11248
????? ??????? ??????,dep_600682
????? ??????? ?? ???? ?????,dep_11431
????? ??? ?? ??? ?? ???????,dep_12351
????? ???? ???????,dep_16358
????? ???? ??? ??????,dep_10271
????? / ???? ??????,dep_10981
????? ???? ?? ????,dep_16970
????? ???? ?? ??? ?????? ??????? ,dep_11363
????? ???? ?? ?????????,dep_12797
????? ???? ?? ?????? ?????,dep_12486
????? ???? ??????? ??????,dep_601303
????? ???? ??? ?????? - ???? ?????,dep_600846
??????? ??? ?????? ?????,dep_11164
??????? ??? ?????? ?????,dep_11449
??????? ??? ?????? ?????,dep_11749
 ??????? ??? ?????? ?????,dep_11146
??????? ??? ?????? ?????,dep_11148
??????? ??? ?????? ?????,dep_16510
 ???????? ?????,dep_11118
????????,dep_17939
???????? ?????,dep_11298
???????? ?????,dep_11299
?????? ,dep_17130
?????? (1) ????? ??????? - ???? ?????,dep_10584
?????? (???????),dep_10632
??????(??????),dep_10895
??????,dep_13008
???????,dep_12130
???????,dep_12185
???????(???????),dep_600795
???????(??????),dep_10451
 ???????? ?????,dep_11308
??????,dep_10323
??????,dep_600325
 ?????? -???????,dep_10956
??????? ??? ?????? (?????),dep_600776
??????? ??? ?????? ?????,dep_600775
??????,dep_10643
?????,dep_601058
??????- ??? ??????,dep_600112
??????,dep_600083
?????? ?????,dep_11199
 ??????,dep_11133
 ?????? ?????,dep_11122
?? ???,dep_17204
?? ????,dep_16980
???????,dep_10343
?????? ?????,dep_601430
?????? ?????,dep_11265
???????,dep_10453
????????,dep_12496
???????,dep_11053
??????,dep_17100
??????? ,dep_601279
?????? ?? ???? ??????,dep_600746
???????,dep_10657
????????,dep_601071
??????,dep_10195
?????? ,dep_10626
?????? ,dep_17040
??????,dep_17128
?????? ?? ??? ??????,dep_16800
?????? ?? ??? ??????,dep_18303
?????? ?? ????????? ?????,dep_601225
?????? ?? ????????? (??????),dep_10630
?? ??? ??????,dep_10039
???????????,dep_16168
????????,dep_16653
??????,dep_11381
????????,dep_17110
????????- ???? ?????,dep_10763
???????,dep_17011
?? ???,dep_600326
?????????,dep_600337
????????,dep_600319
???????,dep_10141
???????,dep_10570
???????,dep_12373
???????(????????),dep_601137
???????,dep_16412
???????,dep_10606
?????? ,dep_17163
??????,dep_13016
???????,dep_12247
?????? ?????? ?????,dep_11113
???? ?? ??? ??????,dep_10034
???? ?? ?????????,dep_10120
???? ?? ?????????,dep_10681
????????,dep_600113
??????,dep_10199
?? ?????? - ???? ????? ????????,dep_10658
?? ?????? - ??????,dep_11310
???????,dep_10677
??????,dep_13006
?????? ?????,dep_601060
?????? ?????,dep_601061
?????? - ??????,dep_600485
????? - ?????,dep_600246
???????? ?????,dep_11900
???????? ?????,dep_600653
????????,dep_12771
??????,dep_18261
????????,dep_17164
?????? ?????,dep_600706
?????? ?????,dep_11137
?????? ??????? - ???? ????? ????????,dep_10661
??????(??????),dep_10634
???????,dep_17160
??????? ??????,dep_16184
????? ??????,dep_601348
??????,dep_17127
?? ???,dep_600259
???????,dep_600393
??????,dep_600745
??????,dep_10560
???????,dep_601354
????????,dep_17159
???????,dep_12224
??????? - ?????,dep_600247
??????,dep_600039
???????,dep_16907
??????? (1)  ( ????? ?????? ??????? ),dep_10639
??????? (2) ,dep_10856
??????,dep_10122
???????,dep_601115
?????? ,dep_10972
??????,dep_12383
??????,dep_600324
???????,dep_10838
???????,dep_12134
???????,dep_10092
??????? ,dep_10843
???????,dep_12388
???????,dep_13153
???????,dep_601185
??????? - ???? ??????,dep_10224
?????? ,dep_600421
?????? ,dep_600423
??????,dep_10302
??????,dep_16052
??????,dep_11379
?????? ??????,dep_600944
?????,dep_600695
 ????? ???????? - ?????,dep_11141
????? - ?????,dep_600687
????? ?????,dep_601315
????? ?????,dep_11191
 ????? ?????,dep_11303
?????,dep_10421
?????,dep_13426
???????,dep_600238
??????? ?????,dep_600635
??????? ??????,dep_600632
??????? ,dep_10261
??????? ,dep_10422
???????,dep_17629
???????,dep_600253
???????,dep_600343
??????? ????????,dep_17868
??????? ????? ( ???? ????? ???????? ),dep_11969
??????? ?????,dep_11417
?????????,dep_16966
???????,dep_10680
???????,dep_601203
 ???????(????????),dep_600866
???????(?????),dep_601020
??????,dep_10472
 ??????? ?????,dep_11259
????? ? ?? ????,dep_601056
???????,dep_17866
???????,dep_600344
 ??????? ?????,dep_11121
 ??????? ,dep_16177
?????? ,dep_10115
??????,dep_17209
 ?????? ?????,dep_11128
??????,dep_600106
 ??????? ??????? - ???? ?????,dep_10244
???????,dep_600725
??????? (?????? ??????),dep_10333
????????,dep_601237
???????,dep_10257
???????? ,dep_17152
????????,dep_17220
????????,dep_600124
??????,dep_600346
?????? ????????,dep_17864
??????? ?????????,dep_16407
??????? ?????????,dep_16804
????? ?????,dep_601419
????? ?????,dep_600298
???????,dep_16185
 ?????? ?????? ?????,dep_11100
????? ?????? - ???? ?????,dep_600657
????????,dep_13022
??????,dep_18256
???????? ??????? - ???? ??????? ????????,dep_12323
???????,dep_16171
????? ??????? - ??????,dep_600856
????? ??????? - ?????,dep_600906
????? ??????? - ??????? ?????????,dep_600669
???????,dep_17024
??????? ?? ???? - ?????? - ?????,dep_600249
?????,dep_16965
?????,dep_600701
????? -  ?????,dep_601423
??????,dep_10202
??????,dep_12902
?????? ???????,dep_16906
 ?????? ?????,dep_11126
????????,dep_10386
??????? ?????,dep_600643
??????,dep_600913
?????? ,dep_17436
??????,dep_600386
???????? ?????,dep_600850
???????? - ???? ?????? - ??????,dep_11799
 ???????? - ??????,dep_11286
??????? ?????,dep_600648
??????? ?????,dep_11317
??????,dep_12223
?? ????,dep_18317
?????? ??????? ????? ??? ?? ??? ?????? ?????? ??????? ,dep_10269
????????,dep_11730
??????,dep_18315
?????? - ???? ?????? - ?????,dep_600233
???????? ?????,dep_11266
???????? ?????,dep_11546
???????? ?????,dep_11114
???????,dep_12508
?????????,dep_10833
?????,dep_11064
????????,dep_10778
??????? - ???? ?????? ????????,dep_10773
??????,dep_10023
??????,dep_17102
?????? ??????? (  ?????????? ),dep_601171
?????? ??????? ( ??????? ),dep_601170
?????? ??????? ( ???????? ),dep_601172
?????? ??????? ?????,dep_600080
?????? ??????? ????? ??? ????????,dep_17954
?????? ??????? ??????,dep_600077
?????? ??????? ?????? ?????????,dep_17956
?????? ??????? ??????,dep_600079
?????? ??????? ??????,dep_600078
?????? ??????? ?????? ??? ??????,dep_17957
?????? ??????? ?????? ??? ??????,dep_17958
?????? ??????? ??????,dep_600091
?????? ??????? ?????? ?????? ?????? ?? ????? ????? ?????? ,dep_601372
???????,dep_600385
???????  ????? ???????,dep_12129
???????? ??????,dep_17454
???????? ?????,dep_16253
???????? ???????,dep_16986
??????,dep_600281
?????,dep_18255
?????,dep_600313
???????? - ???? ??????? ????????,dep_10158
????????,dep_600264
?????????,dep_10793
 ??????? ?????,dep_11166
??????? ?? ?????? - ???? ??????,dep_600186
??????? ?? ?????? - ???? ???????,dep_600189
??????? ?? ??????- ???? ???????,dep_600187
??????? ?? ????,dep_16409
??????? ?? ????,dep_600214
??????? ?? ????,dep_600257
??????,dep_600017
????????,dep_12061
??????? ?? ???? ,dep_11024
??????? ?? ????,dep_16427
??????? (?????????? ???????) ,dep_10559
????? ???????,dep_10201
????? ????,dep_10022
????? ????,dep_10490
????? ???? ,dep_10834
????? ???? (?????),dep_10644
????? ????,dep_10828
????? ????,dep_11037
????? ????/ ???? ?????? ????????,dep_600732
????? ????? (1) - ???? ?????,dep_10572
????? ??? ?????? (1) ???? ??????? ????????,dep_10561
????? ????????? (2) - ???? ?????,dep_10588
????? ??? ??????,dep_10622
????? ??? ??????,dep_17207
????? ?????????,dep_601031
????? ??? ?????? ??????? ???????,dep_601081
????? ????????? ??????? ???????,dep_10105
????? ??? ?????? ??? ??????,dep_10138
????? ????????? ?????,dep_600661
????? ???????,dep_13012
????? ??????? - ???? ??? ???? ??????? ????????,dep_10354
???????,dep_600256
??????,dep_13152
?????? ?????,dep_600633
?????? ?????,dep_11193
??????? ??????,dep_10362
??????? ???????,dep_10350
??????? ???????,dep_10363
??????? ????? (????),dep_11603
???????,dep_10616
??????? ,dep_10240
?????? ,dep_10934
?????????,dep_17003
???????,dep_17930
??????? ??? ?????? ???????,dep_13156
????????,dep_16406
???????? ???????,dep_600266
 ???????? ?????,dep_11156
???????? ?????,dep_11479
??????,dep_12298
??????,dep_13418
???????? ,dep_16404
????????,dep_16426
???????,dep_16410
???????,dep_600272
???????,dep_17924
??????? ?????,dep_11339
?????? ????? (????),dep_601343
?????? ?????,dep_11036
??????,dep_601528
?????,dep_600681
????? ?????,dep_601195
??????,dep_601357
?????? ?????,dep_600638
?????? ?????,dep_11287
???????,dep_10925
???????,dep_10370
??????? _ ???? ????? _,dep_10796
?????,dep_10182
??????,dep_10223
?????? ?????,dep_601311
?????? ??????,dep_18313
?????? ?????,dep_11261
?????? ?????,dep_600825
????? (1),dep_12255
????? (2),dep_601485
????? ,dep_10437
????? ?????,dep_11541
????? ?????,dep_601129
 ????? ?????,dep_11108
???????,dep_12064
???????? ???????,dep_16978
??????,dep_10513
???????? ?????,dep_11312
???????,dep_10426
???????,dep_10870
???????,dep_12727
??????? ?????,dep_11478
 ??????? ?????,dep_11151
??????? ?????,dep_11365
?????,dep_16332
?????,dep_601426
??????,dep_600327
????? ?????,dep_11543
 ????? ?????,dep_11101
????? ?????,dep_11269
 ????? ?????,dep_11483
???????,dep_17104
???????,dep_17109
??????,dep_10805
??????- ???? ???????,dep_10183
???????-(2) - ???? ?????,dep_12211
???????? (1),dep_601447
???????? (2),dep_601502
???????? ,dep_10757
???????? ?????,dep_601305
????????,dep_17172
?????,dep_16911
??????,dep_17214
?????? (???? ?? ????),dep_18284
????????,dep_600185
???????,dep_10366
 ??????? ,dep_11144
???????? ????????,dep_600519
???????? ?????,dep_601059
??????,dep_10656
???????,dep_12903
??????? ?????,dep_601429
 ??????? - ?????,dep_11173
?????? - ?????,dep_601022
?????? - ?????,dep_601023
??????? - ??????? ???????,dep_10901
?? ??????? ??????? (1) - ??????,dep_11809
 ?? ??????? ??????? ??????- ?????,dep_11320
?? ??????? ??????? ???????,dep_600036
?? ??????? ??????,dep_10440
 ?? ??? ?? ?????,dep_11245
?? ?????? ?????????,dep_11111
 ?? ?????? ????????? ?????,dep_11110
?? ????? ?????,dep_11246
?? ?????? ?????,dep_14303
?? ?????,dep_16323
 ?? ????? ??? ?????? - ?????,dep_11280
?? ????? ??? ?????? - ??????,dep_11859
 ?? ?????? ??????? ?????,dep_11142
?? ???????? ???? ??? ???? ????,dep_18136
 ?? ???????? ???? ??? ???,dep_11250
?? ???????? ???? ??? ??? ?????,dep_11659
?? ???????? ?????,dep_601358
?? ???????? ????? ??? ???? ???? ,dep_17433
 ?? ???????? ????? ?????,dep_11154
?? ??????? ????? ??? ?????? - ?????,dep_11385
?? ?????? ??? ??? ?? ??????,dep_11408
?? ?????? ??? ??? ?? ?????? ?????,dep_600721
?? ?????? ??? ??? ?? ?????? ?????,dep_11951
???? ?????? ,dep_10446
???? ??????,dep_16163
???? ??????,dep_17218
????? ??? ??? ????? ?????,dep_11103
????? ??? ?????,dep_16330
?? ???,dep_601360
?? ??? ?????,dep_601256
?? ???? ?????,dep_11229
?? ???? ,dep_17900
?? ???? ????????? ????? ,dep_601238
?? ???? ????????? ?????,dep_11292
?? ???? ????????? ?????,dep_11960
?? ???? ?????????,dep_12415
?? ???? ????????? ?????,dep_11433
?? ??? ??????? ?????,dep_600403
?? ????,dep_601359
?? ???? ??????,dep_600497
?? ???? (?????),dep_600992
?? ????? ??? ???? ?????,dep_601236
?? ????,dep_16322
?? ????,dep_17625
 ?? ???? (??????) ?????,dep_11294
?? ???? ( ?????? ) ?????,dep_600921
 ?? ???? ?????? ?????,dep_11256
?? ???? ?????? ?????,dep_600704
?? ????,dep_10272
?? ???? ????????? - ??????,dep_11839
?? ???? ????????? - ??????,dep_11296
?? ???? ???????? ?????,dep_11207
?? ??? ??? ??? ????????,dep_11354
?? ???? ??? ??? ???? ???????? - ??????,dep_600647
?? ??? ??????,dep_10536
?? ?????????,dep_10711
?? ????????? ??????,dep_12270
?? ??????? ?????? ?????,dep_601245
?? ??????? ?????? ?????,dep_601241
?? ??? ???? ???????,dep_601405
?? ???? ?????????,dep_17987
?? ???? ????????? - ??????,dep_11172
?? ?????,dep_17630
?? ?????,dep_17631
?? ?????,dep_600345
 ?? ????? ????????? ?????,dep_11244
?? ????? ????????,dep_17869
?? ???? - ??????,dep_11889
?? ???? - ??????,dep_11850
 ?? ??? ????????,dep_601355
?? ??? ????????? ? (?????),dep_600370
?? ????? ,dep_600752
?? ????? ,dep_600753
?? ????? ?????,dep_11231
?? ????,dep_16172
 ?? ????,dep_11242
 ????? ???????? ?????,dep_11276
????? ???????? ?????,dep_600435
?? ???? ?????,dep_601514
?? ???? ?????,dep_11162
 ????? ??? ??? ?????,dep_11243
?? ???? ?????? 2,dep_600508
?? ???? ?????? ?????,dep_11168
??? ?? ?????,dep_16515
??? ?? ???? ,dep_10416
??? ?? ????,dep_16961
??? ?? ????,dep_17206
??? ?? ????,dep_600211
??? ?? ????,dep_600293
??? ?? ????,dep_601138
??? ?? ????,dep_601471
??? ?? ???? - ???? ??????? ????????,dep_601112
???????,dep_600351
???? ?????? ,dep_600177
???? ?????? (????? ????????),dep_13010
???? ??????,dep_601322
???? ???????,dep_12008
????,dep_600729
??????,dep_601275
???????,dep_600082
 ????,dep_10241
???,dep_10030
????? ??????,dep_600759
????? ?????,dep_11482
??? ?? ?????? ,dep_17036
???? ?? ??????,dep_600133
???? ?? ???? ,dep_10431
???? ?? ???? ,dep_10877
???? ?? ????,dep_12361
???? ?? ????,dep_12803
???? ?? ????,dep_16257
???? ?? ???? ,dep_16502
???? ?? ????,dep_600285
????? - ??????,dep_11284
?? ????? ,dep_600511
?? ????,dep_10524
?? ????,dep_600965
?? ????,dep_600652
?? ???,dep_600323
?? ????,dep_601021
?? ???? ,dep_17131
?? ??????,dep_600765
??? ?????? ??? ?????? ?????,dep_11115
??? ?????? ??? ?????? ?????,dep_600628
??? ?????? ??? ???? ????? ?????,dep_11542
??? ?????? ??? ???? ????? ?????,dep_11273
????? ?????? ?????? ??????? ,dep_600362
????? ?????? ?????? ?????,dep_600363
????? ?????? ?????? ?????? ,dep_600360
????? ?????? ???????,dep_601317
?????? ??????,dep_16183
 ????? ??? ??? ?????,dep_11138
???? ?? ???,dep_16212
???? ?? ???,dep_17022
???? ?? ???,dep_600220
?????? ???????,dep_18258
?????? ????,dep_18257
?????? ?????,dep_18259
????? ?? ??? ???????,dep_10346
???? ?? ??? ????,dep_16252
???? ?? ???????,dep_16364
???? ?? ???????,dep_16518
???? ?? ??????? ????????,dep_10802
???? ??????? ??????,dep_601521
???? ??? ???,dep_600261
???? ??? ??? - ???? ????? ????? ?????? ????????,dep_12789
???? ??? ??? ?????? (????????) -???? ??? ????????-,dep_12382
???? ??? ??????,dep_16058
???? ??? ??????,dep_601438
???? ??? ????? - ???? ??????? ????????,dep_10063
???? ??? ??? ??????,dep_10649
???? ?????? ??????,dep_601093
???? ??? ??? ?????? - ??? ??? ,dep_600389
???? ?????? ?????? - ???? ????? ????? ???????? ????????,dep_600406
???? ??? ???? ??????,dep_600132
???? ??? ??? ,dep_600410
???? ??? ??? ??????,dep_16318
???? ??? ??? ?????? ( ??? ?????? ),dep_600796
???? ??? ???????,dep_12022
???? ??? ??????? ????????,dep_600426
???? ??? ????? ?? ??????,dep_601252
???? ???? ?? ????????? ????????,dep_601422
???? ?????? ??????,dep_16855
???? ?????? ??????? ,dep_10607
???? ?????? ???? ?? ????,dep_16056
???? ??????? ???? ??? ??????? ??????,dep_600126
???? ?????? ???? ?? ???????,dep_601448
???? ?????? ?????,dep_10608
???? ?????? ?????,dep_600624
???? ?????? ?????,dep_600831
???? ?????? ??? ?? ???? ?? ????,dep_600928
???? ??????? ?????? ??? ?????????,dep_601412
???? ??????? ???? ?????? ?????? ,dep_601121
???? ??????? ????? ??? ?????????,dep_600006
????  ??????? _ ???? ??????? ????????,dep_10133
???? ??????,dep_17021
???? ??????,dep_600051
???? ????????,dep_16852
???? ??????,dep_13000
???? ???????,dep_10206
???? ??????,dep_10852
???? ??????,dep_16860
???? ??????? - ??????? ???????,dep_12740
???? ???????,dep_601461
???? ???????,dep_16861
???? ?????????,dep_16701
???? ????? ????,dep_600278
???? ??????? ,dep_17038
???? ??????,dep_18289
???? ??????,dep_12782
???? ???????,dep_12725
???? ??????? _ ???? ??????? ????????,dep_10592
???? ????????,dep_10898
???? ????????,dep_18287
???? ????????,dep_600181
???? ??????,dep_10177
???? ???????,dep_12235
???? ?????????  - ???? ?????,dep_10689
???? ??????,dep_600366
???? ?????? - ??? ?? ????,dep_10979
???? ??????? ,dep_601281
???? ??????? ????? - ???? ????? ,dep_10579
???? ??????,dep_600279
???? ?????? ??? ?????,dep_16309
???? ??????? ??????,dep_18301
???? ??????,dep_600412
???? ???????,dep_16263
???? ???????,dep_16850
???? ??????? - ???? ??? ?????? ????????,dep_601248
???? ??????,dep_16753
???? ????? ?????? ??????,dep_10839
???? ????? ???? ???????,dep_12820
???? ????? ????????? ?? ???? ??????,dep_601347
???? ????? ??????? ?? ???? ??? ?????,dep_600829
???? ????? ??? ?????? 2,dep_20000
???? ?????? 2 ????? ???? _ ???? ?????,dep_600946
???? ?????? - ???? ?????? ???????? ,dep_600915
???? ?????,dep_10949
???? ??????,dep_601493
???? ?????? ?? ??? ??????,dep_600047
???? ??????? ,dep_10612
???? ?????,dep_16059
???? ???????,dep_601503
???? ??????,dep_10250
???? ?? ??????,dep_10469
???? ?????,dep_16317
???? ??????,dep_601118
???? ???????,dep_601391
???? ??????,dep_600812
???? ?????? -???? ????? ???????,dep_600402
???? ????????,dep_17155
???? ??????- ???? ??????- ??????,dep_600195
???? ???????,dep_600483
???? ???????,dep_10188
???? ??????? - ?????? ??????,dep_10088
???? ?????,dep_12706
???? ?????? ?????,dep_600243
???? ???????,dep_601243
???? ???????,dep_10885
???? ???????,dep_16050
???? ???????,dep_16316
???? ??????? ???????,dep_16311
???? ??????,dep_16310
???? ??????,dep_18292
???? ????? ,dep_10603
???? ?????,dep_12778
???? ?????- ???? ?????,dep_600015
???? ???????,dep_13347
???? ??????,dep_600103
???? ????????,dep_600674
 ???? ??????? - ???? ??????? ????????,dep_10163
???? ??????,dep_16851
????  ??????,dep_12009
???? ???????,dep_16610
???? ???? ??? ??????,dep_600041
???? ????? ???? ,dep_10306
???? ????? ????,dep_10871
???? ????? ????,dep_18309
???? ????? ????? ?? ?????????,dep_12787
???? ????? ?????????,dep_16055
???? ????? ??? ??????,dep_17111
???? ????? ??? ??????,dep_17116
???? ????? - ???? ??????? ????????,dep_601403
???? ?????? - ???? ????? ????????,dep_600021
???? ?????? (????????),dep_600488
???? ?????,dep_600116
???? ??????? ???????,dep_10814
???? ?? ?????? ???????,dep_601291
???? ?? ???????? ?????,dep_11334
???? ?? ???? ??????,dep_13308
???? ???? ???????,dep_12188
???? ?? ???,dep_12730
???? ?? ???,dep_601467
???? ?? ????? / ???? ???? ?? ???? ???????? ????????,dep_10168
???? ?? ????  ,dep_10147
 ????? ????? ????,dep_601373
????? ????? ????(????? ???? ???????,dep_16903
????? ????? ????(??????),dep_16904
???? ???,dep_16857
???? ????? ???? ?? ?????,dep_601117
???? ??? ???????,dep_601442
???? ???? ????????,dep_601440
???? ???? ?? ??? - ???? ?????,dep_10159
???? ????,dep_600280
???? ???? ??????,dep_600367
???? ??? ???????,dep_601408
???? ??? ??????,dep_600072
???? ????? ???????,dep_601219
???? ??? ??????? - ??????? ???????,dep_12799
???? ????,dep_18295
???? ??? ??????? ??? ????? ,dep_600471
???? ????? ??????,dep_601444
???? ???? ???? ???????,dep_601247
???? ????? ??? ??? ??? ,dep_10597
???? ????????? ???????,dep_600836
???? ??? ?????? ?? ????,dep_18300
???? ????????? ??????,dep_16061
???? ??? ?????? ??????,dep_600939
???? ????????? ???????,dep_601457
???? ??????? ?? ????,dep_16051
???? ????????? ??????? ,dep_12023
???? ????? ?? ????,dep_12704
???? ????? ?? ???? - ???? ????? ????? ???????? ????????,dep_12400
???? ??? ??????,dep_10116
???? ??? ?? ??? ????,dep_17168
???? ??? ?? ??? ???? - ???? ????? ????? ???????? ????????,dep_10944
???? ???? ?? ???? ,dep_10396
???? ??? ?? ?????? ,dep_12292
???? ??? ?? ??????,dep_600042
???? ??? ?? ?????? - ???? ????? ????? ???????? ????????,dep_11049
???? ??? ??? ?????? - ????????,dep_17023
???? ??? ?? ?????????1 ??? ???? - ???? ????? ,dep_12809
???? ??? ?????? ,dep_600469
???? ??? ??????,dep_13345
???? ???? ???????? ,dep_601250
???? ???? ?? ???????,dep_16060
???? ???? ?? ???? ???? ??????? ????????,dep_10526
???? ???? ??????? ?????? ?????? ,dep_601294
???? ???? ???? ???,dep_16764
???? ??????,dep_18280
???? ????,dep_16856
???? ????? ???????,dep_13325
???? ??? ??????,dep_10374
???? ???,dep_17355
???? ????,dep_16607
???? ????,dep_16609
 ???? ???? ??????? ,dep_10842
???? ????,dep_601526
???? ????? ?????? ?????,dep_601479
???? ??????,dep_16859
???? ?????? ??? ?? ??? ??? ???? ???,dep_10815
???? ?? ????,dep_600212
???? ?? ??? ????,dep_10830
???? ?????? ??? ???? ???,dep_12493
???? ?? ??? ????,dep_12122
???? ?? ??? ????,dep_16501
???? ?? ??? ????,dep_17059
???? ?? ??? ????,dep_17251
???? ?? ??? ????,dep_600216
????? ??? ??? ???? ?????,dep_11653
????? ??? ??? ???? ?????,dep_601133
????? ????? ?????? ???????,dep_600582
??? ??????? ????????,dep_601480
 ?????? ??? ?????? ?????,dep_11239
???? ?? ??? ????? (???????),dep_600213
?????? ????? - ?????,dep_601376
?????? ????? ?????,dep_600395
???? ????? ?? ??????,dep_16452
????? ??? ??? ?????,dep_600686
????? ??? ??? ?????,dep_11331
????? ??? ??? ?????,dep_11210
????? ?? ?????? ,dep_10836
????? ?? ?????? ,dep_10862
????? ?? ??????,dep_16705
????? ?? ??????,dep_601242
????? ?? ?????? (???????),dep_16374
????? ?? ?????? ????? ?? ???? ????????,dep_600148
????? ?? ?????? (????? ?),dep_16372
???? ?? ???? (1),dep_10178
???? ?? ????  (2),dep_10179
???? ?? ????,dep_16205
???? ?? ????,dep_600218
???? ?? ????,dep_600282
???? ?? ????,dep_600794
???? ?? ????,dep_601148
???? ?? ???? ????? ??????,dep_600164
??? ??????,dep_11398
???? ?????????,dep_12186
??? ?????? ,dep_601278
??? ???????,dep_10847
??? ??????,dep_10007
??? ??????? ,dep_601470
??? ??? ?????? ??????,dep_600848
??? ?????? ??????,dep_601312
????,dep_13160
???? ??? ????? ?????,dep_601392
???? ??? ???,dep_17992
???? ??? ???,dep_600352
???? ??? ??? ????????,dep_17874
???? ??? ??? ?? ??????,dep_600459
???? ??? ??? ??? ???? ????,dep_17506
???? ??? ??? ?????,dep_11456
???? ??? ??? ?????,dep_11214
???? ??? ??? ?????,dep_600679
???? ??? ???,dep_17655
???? ???????? ????????,dep_601204
???? ?? ????,dep_600226
???? ?? ????-?????? ?????? - ??????,dep_600241
?????,dep_18282
?????,dep_18283
??? ???????,dep_10631
??? ?? ?????? - ???? ??????? ????????,dep_12325
??? ??? ?? ????,dep_11071
????? ??? ?????,dep_600390
????? ??? ???? ??????? ????? ??????,dep_10841
????? ????? ?????? ????? ?????? ??? ?? ??????? ?? ???? - ???? ??????? ????????,dep_10791
????? ???????,dep_17050
????? ?????? ?????? ????? ??????? ???? ??? ??? ??????,dep_10203
????? ??????? ?????? ??? ????????? ????? ????,dep_12352
????? ?????? ????? ??????? ???? ??? ??? - ???? ??????? ????????,dep_10765
????? ?????? ????? ???? ???????,dep_600938
????? ??????? - ???? ????????,dep_600180
????? ??????,dep_16003
????? ?????? ?????,dep_16450
????? ????? ???? ??? ?? ???? ,dep_10254
????? ????? ??????? ??????? ????? ??????,dep_11072
????? ?????? -???? ??? ????????-,dep_10651
????? ?????? ????? ??? ?????,dep_13151
????? ???????,dep_600744
????? ???????,dep_600803
????? ?????,dep_600742
????? ??????? ??????,dep_17301
????? ???????,dep_600766
????? ???????? ????? ?????? ?????????,dep_600404
????? ???????,dep_600088
????? ?? ?????,dep_16004
????? ????? ??????? ???????,dep_600142
????? ????? ?????? - ????? ?????? ??????,dep_600198
????? ???? ??? ????? ,dep_600798
????? ???? ????? ?? ???  ??? ???? ??? ,dep_10582
????? ???? ?????? ,dep_601488
????? ???? ??????,dep_10674
????? ???? ?? ???? ?? ?????? ???????,dep_16456
????? ???? ??????,dep_601266
????? ???? ??????,dep_11009
 ????? ???? ?????? - ???? ??????? ????????,dep_10751
????? ???? ?????,dep_11061
????? ???? ?????? - ?????? ????????,dep_10215
????? ???? ?????? ???????,dep_11380
????? ???? ??????,dep_600387
????? ???? ???? ??????,dep_12712
????? ???? ????,dep_16460
????? ???? ?????,dep_16470
????? ???? ??????? ?? ????? -??? ???? ???-,dep_10978
????? ???? ??? ?? ?????? ?????? ?????? ?????? ,dep_10170
????? ???? ?? ????? ????? ?? ?????,dep_10746
????? ??? ????? ????? ??????? ?? ???,dep_601178
????? ???? ??????,dep_13333
????? ??? ?? ???? ??????? ?????? ????????,dep_600146
????? ???? ??????,dep_600826
????? ?????,dep_16005
????? ???? ???????,dep_12242
????? ???? ????? ???????,dep_600797
????? ???? ?????,dep_600110
????? ???? ??? ????? ???????,dep_601339
????? ???? ???????,dep_601282
????? ???? ???? ??? ?? ????,dep_10777
????? ???? ??????,dep_17300
????? ??? ?????? ?? ???? ??????? ??????? ?????? ,dep_601298
????? ???? ?????? ,dep_10445
????? ????? ??? ??????,dep_600952
???? ??? ???,dep_16002
???? ??? ?????? ????? ?? ???? ??????,dep_16472
???? ??????? ??????,dep_601049
???? ??????? ????????,dep_601045
???? ??? ????? ???????? (????),dep_601047
???? ??? ???? ???????,dep_16552
???? ???? ?? ????,dep_600096
???? ???????  ( 2 ) ,dep_601164
???? ???????  ( 1 ) ,dep_600463
???? ?????,dep_600098
???? ???????,dep_17775
???? ???????,dep_600277
???? ?????? ?? ??????,dep_16555
???? ???????,dep_600094
???? ????? / ????????? ??? ???????,dep_601048
???? ????,dep_600100
???? ??????,dep_16216
???? ???????,dep_600097
???? ??????,dep_600101
???? ??????? ???????,dep_601015
???? ??? ?? ???? ? ????? ???????,dep_16560
???? ?? ????,dep_16558
???? ???? ?? ??? ????? (?????),dep_601052
???? ???? ?? ??? ????? (?????),dep_601051
???? ???? ?? ?????? ,dep_600095
???? ???? ?? ????,dep_600099
???? ??? ???? ?? ??????,dep_16554
???? ??????? ?? ???,dep_16551
???? ???? ?? ??????? (????),dep_601046
???? ????? ?? ?????? (????),dep_601050
???? ???? ?? ????,dep_16553
???? ?????,dep_601527
???? ????? / ???? ?? ???????,dep_601441
 ????? ??????? ?????,dep_11291
???? ??????,dep_601024
???? ???????,dep_600837
??? ??????,dep_10353
??? ?????,dep_601508
??? ??????,dep_10222
??? ??????? / ???? ??????,dep_601283
???? ??????,dep_17051
???? ?? ????????? (2) ,dep_10054
???? ?? ??? ??????,dep_10846
???? ?? ?????????,dep_13344
???? ?? ?????????,dep_16203
???? ?? ??? ?????? ,dep_17016
???? ?? ??? ??????,dep_600154
???? ?? ??? ??????,dep_600225
???? ?? ????????? (????? ?????) - ???? ??? ?????? ????????,dep_12142
???? ?? ????????? - ???????,dep_11045
???? ?? ????????? - ????? ??????,dep_10939
???? ??? ??? ?????,dep_11213
???? ??????? ?????? -??????? ?? ?????,dep_10295
???? ????????,dep_600173
???? ?????? - ??? ???,dep_11377
????? ?? ??? ????,dep_600447
???? ,dep_10380
 ???? ?????,dep_11263
?? ???????,dep_12366
?? ??????,dep_10200
?? ????? ????,dep_12049
?? ??? ??????,dep_12343
???? ??????? ???????? ????? ??????? ?? ?????????- ???? ??? ???? ??????? ????????,dep_600728
???? ?????? ???????,dep_16454
???? ??? ????,dep_12716
???? ???????,dep_600625
???? ???????,dep_13302
???? ?? ????? -???? ?? ???? - ???? ?? ???? - ???????,dep_600166
???? ?? ?????? ,dep_10128
???? ?? ?????? ,dep_10166
???? ?? ?????? ,dep_10962
???? ?? ??????,dep_11400
???? ?? ??????,dep_12025
???? ?? ??????,dep_16214
???? ?? ??????,dep_16264
???? ?? ??????,dep_16392
???? ?? ??????,dep_17253
???? ?? ??????,dep_600339
???? ?? ??????,dep_601494
???? ?? ?????? ( ???????? ),dep_10761
???? ?? ???,dep_16209
???? ?? ??? ???????,dep_10693
???? ?? ??? ?????,dep_11519
 ???? ?? ??? ?????,dep_11176
 ????? ?????? ? (??????),dep_11305
????? ??? ?????,dep_12372
?????  ??? ?????,dep_16320
????? ??? ?????,dep_17867
????? ??? ?????,dep_17932
????? ??? ?????,dep_17991
????? ??? ?????,dep_600205
????? ??? ?????,dep_600347
????? ??? ?????,dep_601407
????? ??? ????? ??? ???? ????,dep_17504
????? ??? ????? ?????,dep_600637
????? ??? ????? ?????,dep_601406
????? ??? ?????,dep_17654
?? ????????,dep_17870
?? ????????,dep_600348
???? ???????,dep_10708
???? ??????? ?????,dep_600432
 ???? ??? ????? ?????,dep_11289
???? ??? ????,dep_16324
???? ??? ???? ?????,dep_120
???? ??? ???? ?????,dep_11258
???? ??? ???? ?????,dep_11373
??? ??? ????,dep_17475
??? ??? ??? ??????,dep_17985
??? ????? ??? ??? ???- ?? ?????? - ????????,dep_600168
??? ????? ??? ???? ????,dep_17605
??? ??????? ????????,dep_601525
??? ????????,dep_17776
??? ????????,dep_600274
??? ???????,dep_17778
??? ???????,dep_600275
??? ??????? ???? - ??? - ???????,dep_600297
??? ??????,dep_17611
??? ??????,dep_17661
??? ??????,dep_17746
??? ?????? ????????,dep_17419
??? ?????? ????????,dep_17420
??? ??????? ????????,dep_18226
??? ???????,dep_17777
??? ???????,dep_600276
??? ?????? (??????),dep_11486
??? ?????? ??????,dep_17901
??? ??????? ???????? ?????? ??????,dep_600309
??? ???????,dep_17894
??? ????? ???????? ???????,dep_18016
??? ????? ???????? ??????????,dep_600781
??? ????? ???????? ??????? ????,dep_17834
??? ???????,dep_17984
 ??? ?????? - ??????,dep_11316
??? ????? ????????? ,dep_600358
??? ???????,dep_17898
??? ???????,dep_17474
??? ???????,dep_17600
??? ???????,dep_17656
??? ???????,dep_17744
??? ??????? ,dep_600782
??? ??????? ???????? ,dep_600368
??? ??????,dep_17565
??? ???????,dep_600201
??? ??????,dep_17902
??? ?????? ?????? ????????,dep_17415
??? ?????? ????????,dep_17416
??? ???????,dep_18224
??? ??????,dep_17403
??? ????? ????????,dep_17417
??? ????? ????????,dep_17418
??? ????? ???????? ??????????,dep_18015
??? ???????,dep_17745
??? ???????,dep_17774
??? ???????,dep_600273
??? ?????,dep_17421
??? ????? ??????? ?????,dep_17685
??? ?? ???????? ,dep_17608
??? ?? ???????? ????? ??? ??? ??? ??? ???? ????,dep_17716
??? ?? ???????? ?? ???? ??? ???? ????,dep_17718
??? ?? ???????? ?? ???? ??? ???? ???? ?????? ,dep_17447
??? ?? ???????? ?? ????,dep_17571
??? ?? ???????? ???? ??? ???? ????,dep_17715
??? ?? ???????? ???? ??? ???? ???? ????,dep_17448
??? ?? ???????? ?????,dep_17567
??? ?? ???????? ????? ??? ????? ??? ???? ????,dep_17717
??? ?? ???????? ???? ????????,dep_600457
??? ?? ???????? ????? ,dep_17477
??? ?? ???????? ????? ????????,dep_17570
??? ?? ???????? ????? ????????,dep_17564
??? ?? ???????? ????? ??? ???? ????,dep_17446
??? ?? ???????? ??????,dep_17566
??? ????? ??? ????? - ????????,dep_600288
??? ?? ????? ??? ???? ????,dep_17601
??? ?? ???? ??? ???? ????,dep_17607
??? ?? ???? ??? ???? ???? - ???? - ????????,dep_600296
??? ?? ????,dep_17404
??? ?? ????? ?????????,dep_17896
???? ????? ?????????,dep_600792
??? ?????? ??? ??????,dep_600114
???????,dep_17400
??? ???? ??? ???? ????,dep_17595
??? ????,dep_600723
??? ?????? ????????,dep_600698
??? ?????,dep_17401
??? ?????,dep_600724
??? ????? ??? ?????,dep_17478
??? ????? ??? ?????,dep_600115
??? ????? ??? ????? ????????,dep_18134
??? ????? ??? ????? - ???? ????,dep_17836
??? ????? ??? ???? ????,dep_17594
??? ???? ??? ????,dep_600121
??? ???? ??? ???? ????,dep_17610
??? ???? ??? ?????,dep_17609
??? ???? ??? ??? ?????,dep_600200
??? ???? ??? ???? ????,dep_17597
??? ???? ??? ????,dep_17895
??? ???? ??? ???? ????,dep_17604
??? ????,dep_17476
??? ???? ????????,dep_600438
??? ???? ??? ???? ????,dep_17602
??? ????? ??? ??? ??? ??? ???? ????,dep_17714
??? ????? ??? ??? ??? - ???? ?? ????,dep_17835
??? ????? ??? ?????? - ???? - ???????,dep_600295
??? ????? ??? ???? ????,dep_17596
??? ????? ??? ??? ??? ,dep_17659
??? ??????? ??????? ??????? ????????,dep_17684
??? ????? ??? ?????? - ?????? - ????????,dep_600287
??? ????? ??? ???? ???? ,dep_17445
??? ????? ??? ???? ????,dep_17598
??? ????? ??? ??????? ?????,dep_601486
??? ????? ??? ???? ????,dep_17606
??? ???,dep_17899
??? ????,dep_18225
??? ?????? ??? ???? ????,dep_17603
??? ????? ??? ???? ????,dep_17599
??? ????? ??? ?????? ????????,dep_17903
???? ???????,dep_12759
??? ???? ??? ???? ????,dep_600292
??? ?????,dep_17657
??? ??? ??? ???? (?????),dep_11869
??? ??? ??? ???? ?????,dep_601394
 ??? ??? ??? ???? ?????,dep_11227
??? ??? ??? ???? ?????,dep_11260
??? ??? ??? ???? (??????),dep_11854
??? ?????? ?????,dep_600830
???? ??????.?????,dep_601196
??? ????????,dep_10171
??? ????????,dep_17927
??? ????????,dep_600204
??? ???????? - ???? ?????? ????????,dep_12021
??? ???????? ?????,dep_11233
 ??? ???????? ?????,dep_11288
?? ???????,dep_601463
?? ??????? ,dep_10818
?? ???????,dep_10953
?? ??????? ????? ?? ???? _ ???? ?????? ??????,dep_10441
???? ??? ???? ???????,dep_10744
???? ?? ????,dep_16376
???? ?? ????,dep_600747
???? ?? ????,dep_600748
????? ?? ????,dep_16399
???? ??????,dep_601495
????? ?????,dep_600885
????? ?????,dep_11253
????,dep_16704
????? ???????,dep_600341
???? ??? ??????? ?????,dep_25001
???? ??? ??????? ?????,dep_11901
????? ???????? ?????,dep_11200
???? ?????,dep_600889
???? ?????,dep_11268
???? ??? ??????,dep_601437
????,dep_136
??? ?????? ????? ?????? ?????,dep_13003
????? ?????? (??????) ,dep_600151
???? ??????? ????????,dep_601520
???? ??????? ????????,dep_601505
???? ???????? ?????,dep_11232
???? ????? ????? - ??????,dep_11819
???? ??? ???????,dep_17569
???? ???? ?????,dep_11201
???? ??????,dep_18166
???? ?????? ?????,dep_11459
???? ?????? ?????,dep_600662
???? ?????? ?????,dep_601413
???? ????? ?????,dep_600758
???? ????? ?????,dep_11275
???? ???????? ,dep_10434
???? ???????? - ???? ???????,dep_600760
???? ???????? - ???? ???????,dep_600761
???? ???????? - ???? ???????,dep_600762
???? ???????? - ???? ???????,dep_600763
???? ???????? - ???? ???????,dep_600764
???? ?????? ?????,dep_601428
???? ??????? ?????,dep_11356
?????? ??? ??? ?????,dep_11462
??? ?????? - ??????,dep_11281
??? ??????,dep_601425
???? ??????,dep_601019
??? ?????,dep_17027
??? ?? ??????,dep_17258
??? ?? ????,dep_13118
??? ?? ????,dep_16258
??? ?? ????,dep_16514
??? ?? ????,dep_16807
??? ?? ????,dep_16985
??? ?? ????,dep_601512
??? ?? ????? - ???? ??????,dep_600190
??? ?? ????? ,dep_10332
???? ??? ???,dep_16327
???? ??? ???,dep_600755
???? ??? ???,dep_600756
???? ??? ???,dep_601465
 ???? ??? ??? ?????,dep_11230
???? ??? ?????,dep_11801
???? ??? ??? ?? ??? ???? ?????,dep_601144
???? ??? ??? ?????,dep_11471
???? ??? ????,dep_17660
???? ??? ???? ?????,dep_11432
???? ??? ???? ?? ????,dep_11397
???? ?????,dep_11539
???? ??????? ?????,dep_600033
???? ??????? ?????,dep_600631
???? ???? ??? ?????,dep_600446
???? ??????,dep_16968
????? ?? ???? ,dep_600229
??? ???????,dep_601399
??? ???????,dep_600330
??? ??????? ,dep_601295
??? ??????,dep_600499
??? ??????,dep_600437
 ??? ?????? - ???? ?????? ????????,dep_10149
??? ??????,dep_600336
??? ?? ??? ????,dep_16960
??? ?? ??? ????,dep_17017
??? ?? ??? ????,dep_17263
??? ?? ??? ???? -???? ???????? -????????,dep_600252
??? ?? ??? ????(???? ?? ????),dep_12281
??? ?? ??????,dep_10864
??? ?? ?????,dep_10827
??? ?? ?????,dep_16210
??? ?? ?????,dep_17032
??? ?? ?????,dep_600157
??? ?? ?????,dep_601484
??? ?? ???? ????? ?? ?????,dep_600163
??? ?? ???? (2),dep_601318
??? ?? ???? ,dep_10294
??? ?? ????,dep_12232
??? ?? ????,dep_16810
??? ?? ???? (????????),dep_10694
??? ?? ???? (????????),dep_10289
??? ?? ???? (?????),dep_10687
??? ?? ???? (??????),dep_10260
???? ?????,dep_13327
???? ?????,dep_601277
???? ?? ????? - ???? ????? ???? ?? ??????? ???????- ????????,dep_600242
???? ?? ????,dep_16255
???? ?? ??? ,dep_10189
???? ?? ??? ,dep_11059
???? ?? ???,dep_12143
???? ?? ???,dep_16983
???? ?? ???,dep_600156
????  ?? ??? ,dep_601302
??? ??????? ???????,dep_13111
??? ????????,dep_17020
????? ??? ??? ???? ?????,dep_11224
 ????? ?????,dep_11104
????? ?????,dep_18014
?????? ??? ???? ???????,dep_10610
????? ???????,dep_12030
????? ???????,dep_12523
????? ??????? ,dep_16111
????? ???????,dep_600227
????? ?? ???? ( ???? ?????? ),dep_10001
???? ?? ???- ???? ?? ??? - ???? ?? ??? - ??????,dep_600194
???? ?? ??????,dep_16504
???? ??? ???? ?????,dep_600658
??????,dep_17171
?????? ?? ?????,dep_10335
?????? ??????,dep_10290
?????? ??????,dep_601466
?????? ???????,dep_10280
?????? ?????? ?????,dep_600700
?????? ?????,dep_600623
?????? ??????,dep_601383
?????? ??????,dep_600398
?????? ??? ???? ??????,dep_600169
???? ( ?? ????),dep_17534
???? ??? ???? ?????,dep_11800
???? ??? ???? ?????? ?????,dep_11364
?????,dep_10921
??? ?? ???,dep_600224
???? ??? ???? ????? ???? ????? ??????,dep_11579
???? ??? ???? ?????,dep_11150
??? ???????,dep_13163
 ????? ???????,dep_11143
????? ??????? ??????,dep_600927
??? ??????? ?????,dep_11447
???? ???????,dep_600312
???? ????? ????? ???????,dep_10663
??? ???????,dep_16167
???? ?? ???? - ???? ??????? ????????,dep_10070
???? - ?????,dep_600248
???? ??? ???? ?????,dep_601143
???? ??? ???? ?????,dep_601142
???? ???????,dep_16165
????? ??? ?????? ?????,dep_11959
????? ??? ?????? ?????,dep_11205
??? ??????? ??? ?????,dep_16218
??? ??????? ??? ?????,dep_16350
??? ??????? ??? ????? (????????),dep_10714
??? ??????? ??? ????? - ???? ?????,dep_10569
??? ??????? ????,dep_16174
???? ?????,dep_601018
???? ??????? - ?????? ????????,dep_600818
???? ??????,dep_12299
???? ??????,dep_10813
???? ??????????? 1 ??????? - ???? ?????,dep_10571
???? ??????????? 2 ?????,dep_601516
???? ???????,dep_10255
???? ??????? - ???? ????? ???????? ????????,dep_10933
???? ?? ????????? ?? ????? - ???? ??????? ????????,dep_10568
???? ???????? ?????,dep_601135
???? ??? ???,dep_17929
???? ??? ???,dep_17989
???? ??? ???,dep_600206
???? ??? ??? ????????,dep_18194
???? ??? ??? ??????,dep_11130
????,dep_17169
???? ?????,dep_10316
???? ????? ???????,dep_10008
???? ????? ??????? ,dep_10601
???? ????? ??????? ,dep_10617
???? ??????,dep_600210
???? ??????,dep_601384
????? ??? ?????? ?????,dep_11196
???? ???????,dep_12390
???? ???????,dep_600482
???? ?? ???? ,dep_10823
???? ???? ,dep_12429
 ???? ??????,dep_11136
???? ??????,dep_600815
???? ??? ???- ???? ??????? ????????,dep_600951
???? ??? ??? ????????,dep_601146
 ???? ??? ??? ????????,dep_600986
???? ??????,dep_10237
???? ?? ???? ?????,dep_600155
???? ?? ????????,dep_16371
???? ?? ???? ???? ,dep_17015
???? ?? ???? -???? ???? ???????? - ???????,dep_600165
???? ?? ???????,dep_16517
????,dep_16331
???? ,dep_17431
???? ?????,dep_600887
???? -???? ??? ?????? ????????-,dep_10800
???? ?????,dep_11194
????? ??? ??? ????? ???? ???? ?????,dep_601410
????? ??? ??? ?????,dep_11212
????? ??? ??? ??????,dep_16328
????? ??? ????????? ?????,dep_11706
????? ??? ????????? ?????,dep_11411
?????? ??????,dep_17993
?????,dep_17626
????? ??? ??? ???,dep_10461
????? ??? ??? ???,dep_12347
????? ??? ??? ???,dep_16262
????? ??? ??? ??? ,dep_17936
????? ??? ??? ???,dep_17986
????? ??? ??? ???,dep_18017
????? ??? ??? ???,dep_600353
????? ??? ??? ???,dep_601150
????? ??? ??? ??? ??????,dep_601497
????? ??? ??? ??? ?????? ?????,dep_600834
????? ??? ??? ??? ???????,dep_600203
????? ??? ??????,dep_16321
????? ??? ??????,dep_17871
????? ??? ???? ???????,dep_601296
????? ??? ?????? ??????? ?????,dep_600365
????? ??? ?????? ??????? ?????,dep_11219
????? ??? ???? ????,dep_17505
????? ??? ??? ???,dep_10318
????? ?? ??????,dep_600217
????? ?? ?????? ????? ???????,dep_600162
???????? ?? ???,dep_16506
??? ?????? ???????,dep_10101
??? ?????? ????????,dep_600329
??? ?????? ??????,dep_10381
????????? ??????,dep_10991
????????? ??????,dep_600413
????????? ??????? - ??? ????? ,dep_10952
??? ?????? ??????,dep_600174
????????? ???????,dep_10788
????????? ?? ?????,dep_10475
????????? ?? ???? - ???? ??????,dep_600230
??? ?????? ?? ???,dep_17252
??? ?????? ?? ???,dep_10319
????????? ?? ???,dep_10704
??? ?????? ?? ???,dep_12251
????????? ?? ???,dep_16169
??? ?????? ?? ???,dep_16254
????????? ?? ???,dep_16611
??? ?????? ?? ???,dep_16708
??? ?????? ?? ???,dep_17255
??? ?????? ?? ???,dep_600284
????????? ?? ???,dep_600702
????????? ??? ??? ?????,dep_11607
??? ?????? ?? ?????,dep_10100
????????? ????????,dep_12900
????????? ???????,dep_10055
????????? ???????? - ???? ?????? ????????,dep_600520
????????? ???????,dep_10485
??? ?????? ???????,dep_600331
????????? ??????? ?????,dep_601179
????????? ???????,dep_16654
??? ?????? ???????,dep_13155
????????? ??????,dep_12377
????????? ??????? ?????,dep_12498
????????? ??????? - ? ???? ???????? ,dep_600199
??? ?????? ??????,dep_13162
??? ?????? ??????,dep_601337
????????? ??????,dep_601131
????????? ?? ??? (1),dep_10468
????????? ?? ??? (2),dep_601415
????????? ?? ??? (3),dep_601445
??? ?????? ?? ???,dep_10378
????????? ?? ???,dep_16351
??? ?????? ?? ???,dep_17122
??? ?????? ?? ???,dep_17129
??? ?????? ?? ???,dep_600332
??? ?????? ?? ???,dep_601510
????????? ?? ??? ??????,dep_600816
??? ?????? ?? ????,dep_12181
????????? ????????? ???????,dep_600867
????????? ????????,dep_10986
????????? ???????,dep_10784
??? ?????? ????? ??????,dep_10419
????????? ???? (1),dep_10712
????????? ???? (2),dep_10466
??????? ???????? ,dep_10541
??? ???? ??????,dep_600474
??????? ??????,dep_10691
??? ???? ?????????,dep_601221
??? ???? ???????,dep_601483
??????? ???????,dep_12750
??????? ?????,dep_10283
??? ???? ???????,dep_13127
??????? ???????,dep_16355
??????? ??????,dep_10132
??????? ?????? ,dep_601529
??? ???? ?????,dep_10556
??????? ???????,dep_13317
??? ???? ???????,dep_601215
??? ???? ??????,dep_16356
??????? ?????????,dep_600382
??????? ??????,dep_12600
??? ???? ??????,dep_13103
??? ???? ??????,dep_10211
??????? ??????,dep_10710
??????? ??????,dep_601244
??? ???? ?????? ????????,dep_600675
??????? ?? ??? ?????,dep_16201
??? ???? ?? ??????,dep_10397
??? ???? ?? ??????,dep_10811
??? ???? ?? ??????,dep_601155
??? ???? ?? ??????? ,dep_10831
??????? ?? ???????,dep_17068
??????? ?? ?? ?????,dep_16359
??? ???? ?? ???? ???????,dep_600975
??? ???? ?? ?????,dep_600172
??? ???? ?? ?????,dep_600659
??????? ?? ?????,dep_16396
??????? ?? ????? ??????,dep_10062
??????? ?? ??? ?? ???? ,dep_601273
??? ???? ?? ?????,dep_16830
??? ???? ?? ?????,dep_600642
??? ???? ?? ?????,dep_601176
??????? ?? ?????,dep_600085
??? ???? ?? ?????,dep_600228
??????? ?? ???? _ ???? ??????? ????????,dep_10155
??? ???? ?? ???? ????????,dep_600911
??? ???? ?? ????,dep_600221
??? ???? ?? ????,dep_12742
??????? ?? ????,dep_600512
??? ???? ?? ????,dep_10042
??????? ?? ???? ,dep_10731
??????? ?? ???? ,dep_10937
??????? ?? ????,dep_16368
??? ???? ?? ????,dep_16707
??????? ?? ????,dep_17260
??? ???? ?? ????,dep_600283
??? ???? ?? ???? ,dep_600470
??? ???? ?? ????,dep_601157
??????? ?? ??? ,dep_16507
??????? ?? ???,dep_17069
??????? ?? ???,dep_600178
??? ???? ?? ???,dep_601156
??? ???? ?? ???,dep_601345
??? ???? ?? ?????,dep_10184
??? ???? ?? ?????,dep_10214
??????? ?? ????? ,dep_10946
??????? ?? ?????,dep_16202
??????? ?? ?????,dep_16984
??? ???? ?? ?????,dep_601158
??? ???? ?? ?????,dep_601482
??????? ?? ????? (???????),dep_16377
??????? ?? ????? (?????),dep_16380
??????? ?? ????? ?????,dep_600773
??? ???? ?? ????? ???? ???????,dep_10220
??????? ?? ????,dep_10231
??? ???? ???? ???????,dep_600814
??????? ?????? ??????,dep_13331
??????? ????? ???? ?????? ,dep_601139
??? ?????? ??????,dep_600035
???? ?????? ?? ??? ???,dep_17039
?????? ?????? ????????,dep_601519
?????? ?????? ????????,dep_601506
????? ?????? - ???? ????? ???????????????? ????????,dep_10242
????? ?? ???? ,dep_10109
????? ?? ????,dep_10682
????? ?? ????,dep_16217
????? ?? ????,dep_16390
????? ?? ????,dep_16650
????? ?? ????,dep_17001
????? ?? ????,dep_17057
????? ?? ????,dep_17261
????? ?? ????,dep_601085
????? ?? ???? ,dep_601253
????? ?? ????  (????? ???????),dep_10267
????? ???? ???????,dep_10414
????? ?? ???? - ???????,dep_17014
??? ?? ????,dep_10966
????,dep_16901
???? ?? ??????,dep_10539
???? ?? ??????,dep_12244
 ??? ??? ??? ????? ? (??????),dep_11318
?????,dep_600315
???? ?? ????,dep_10620
????? ?? ????,dep_12405
??? ???,dep_10519
????? ?????,dep_601409
??? ???????,dep_11404
??? ??????,dep_601057
??? ???????,dep_17053
??? ?????,dep_13113
??? ?? ??? ???? ,dep_10193
??? ?? ??? ???? ,dep_10313
??? ?? ??? ???? ,dep_10321
??? ?? ??? ???? ,dep_10896
??? ?? ??? ???? ,dep_16114
??? ?? ??? ????,dep_16972
??? ?? ??? ????,dep_17058
??? ?? ??? ????,dep_17203
??? ?? ??? ????,dep_600147
??? ?? ??? ???? (????? ???????),dep_10270
??? ?? ??? ???? (????? ?????),dep_10762
??? ?? ??? ???? - ????? ??????? - ?????,dep_600245
??? ?? ??? ???? (????????),dep_10702
??? ?? ??? ???? (???????),dep_10358
??? ?? ??? ????(??????),dep_10300
??? ?? ??????,dep_17123
??? ?? ???????,dep_10618
??? ?? ??? ?? ????,dep_10038
??? ??? ??????,dep_11006
?????? ????,dep_10458
???? ?? ???? ,dep_10641
???? ?? ???? ,dep_10922
???? ?? ????,dep_16213
???? ?? ????,dep_16395
???? ?? ????,dep_16808
??? ???????,dep_12264
????? ?? ??????,dep_16215
????? ?? ????,dep_600223
??? ?? ?????? (3),dep_12289
??? ?? ?????? (4),dep_12257
??? ?? ?????? (5),dep_601468
??? ?? ?????? ,dep_10452
??? ?? ?????? ,dep_10500
??? ?? ?????? ,dep_10760
??? ?? ?????? ,dep_11029
??? ?? ??????,dep_16206
??? ?? ??????,dep_16250
??? ?? ??????,dep_16509
??? ?? ??????,dep_16608
??? ?? ??????,dep_16613
??? ?? ??????,dep_16991
??? ?? ??????,dep_17056
????? ??????,dep_17158
??? ?? ?????? ,dep_601162
??? ?? ?????? (???????),dep_16388
??? ?? ?????? (????? ???????),dep_10716
??? ?? ?????? (????? ?????),dep_10758
??? ?? ?????? - ???????,dep_17018
??? ?? ?????? (?????),dep_16384
??? ?? ?????? ( ?????? ),dep_16365
??? ?? ?????? (?????),dep_16385
??? ?? ?????,dep_601154
??? ?? ??? ?? ?????,dep_10623
??? ?? ????????? 2 ??? ???????,dep_10809
??? ?? ?????????,dep_10724
??? ?? ?????????,dep_12016
??? ?? ?????????,dep_12375
??? ?? ??? ??????,dep_13161
??? ?? ?????????,dep_16519
??? ?? ?????????,dep_600425
??? ?? ??? ??????,dep_601032
??? ?? ?????????,dep_601414
???? ??? ????? ?????,dep_600676
 ???? ??? ????? ?????,dep_11183
???? ??? ??? ?????? ?????,dep_11290
???? ??? ??? ?????? ?????,dep_600636
???? ?? ??????,dep_16211
???? ?? ?????,dep_10304
???? ?? ?????,dep_16394
???? ?? ????? ,dep_16512
???? ?? ?????,dep_600176
???? ?? ????? ????? ??????? ???????,dep_600161
???? ?? ???- ???? ??????- ???? ?????? - ???????,dep_600167
???? ?? ???,dep_12497
???? ?? ???,dep_600152
???? ??????,dep_12206
??? ??????,dep_12179
??? ???????,dep_600342
??? ??????? ????????,dep_17873
???? ?????,dep_10002
???? ??????,dep_17025
???? ?? ???,dep_10740
??? ????? ????????,dep_10364
???? ???????/ ???? ?????? ????????,dep_10051
???? ??????? - ??????,dep_601515
????? ????????? - ??????,dep_600037
?????,dep_13017
????? ,dep_600349
????? ???????,dep_16333
????? ???????,dep_17990
????? ???????,dep_600207
????? ???????,dep_600460
????? ??????? ?????,dep_11174
????? ????????,dep_17865
????? ???????,dep_601469
????? ??? ???,dep_10652
????? ??? ??????,dep_16325
????? ??? ?????? ????? ???? ??? ??????,dep_11599
 ????? ??? ?????? ?????,dep_11235
????? ??? ????,dep_601472
 ????? ??? ???? ?? ????????? - ??????,dep_11302
????? ??? ???? ?????,dep_11434
????? ??????? ?????,dep_11496
??? ??????,dep_13423
??? ???????,dep_10848
??? ???????,dep_11402
??? ??????? ?????,dep_11371
??? ??????? ????? -??????? ,dep_11457
??? ??????? ????? -?????? ,dep_600864
??? ??????? ?????,dep_11330
??? ??????? ?????,dep_11656
??? ??????? ????? -???????,dep_600680
??? ??????? ????? -?????? ,dep_11169
??? ?? ????,dep_10662
??? ???? ??????? - ??? ???,dep_601005
?????,dep_10853
????? ?? ?????,dep_10621
????? ?? ???? ?? ????- ???? ??? ???? ????????,dep_10463
???? ?? ???,dep_10824
???? ???????,dep_18254
???? ????????,dep_17161
????? ?? ????,dep_10867
????? ?? ????,dep_12779
????? ?? ???? ???????,dep_12007
????? ?????? ,dep_601367
????? ???????,dep_13338
??? ????? ??????? ??????,dep_600982
??? ?????????? - ??????? ,dep_601332
??? ?????????? - ??????? ???????,dep_601199
??? ?????????? - ??????? ??????,dep_601198
??? ?????????? - ????????,dep_601209
??? ?????????? - ?????,dep_601205
??? ?????????? - ????? ???????,dep_601201
??? ?????????? ????????,dep_601197
??? ????????? - ??????,dep_601208
??? ?????????-  ?????????? ????? ???????,dep_14320
??? ?????????,dep_600714
??? ????????? - ???????,dep_600668
??? ??????? ??????? - ???????,dep_601327
??? ??????? ??????? ?????? (????) - ???????,dep_601324
??? ??????? ?????????? - ???????,dep_601328
??? ??????? ????????,dep_600709
??? ??????? ???????? ???????  - ??????? ,dep_601325
??? ??????? - ???????,dep_600664
??? ??????? - ???????,dep_600667
??? ???????? ???????? - ???????,dep_601326
??? ????? ??????,dep_601330
??? ???????? - ???????,dep_600666
??? ???????? ????????,dep_601334
??? ????????,dep_601331
??? ??????? ???????? ??????? ,dep_601038
??? ??????? ???????,dep_600710
??? ????? ??????,dep_600708
??? ???? ????????,dep_600788
??? ?????? ???????? - ???????,dep_600718
??? ?????? ??????? ????????? ,dep_601254
???? ?????,dep_11757
???? ?????,dep_11709
???? ???????? (????? ???????),dep_600767
???? ????? ??????,dep_16905
????? ????????,dep_600179
 ????? ??? ???????,dep_11132
??? ?? ????,dep_600445
??? ?? ???? ????? ?????? ????? ??????,dep_600150
??? ?? ???? ????? ???? ??????,dep_600749
??? ?? ???? ????? ?????? ,dep_600145
????,dep_16954
????? ,dep_17162
????? ??? ?????? ?????,dep_11544
????? ??? ?????? ?????,dep_11102
????,dep_17202
????,dep_600135
????? ?? ????? ,dep_10733
????? ?? ?????,dep_13312
????? ??????,dep_600656
????? ????? ,dep_12430
?????,dep_13336
????? ????? - ??????,dep_600646
????? ??????,dep_601035
????? ??? ???? ???????,dep_601183
?,dep_600075
???? ?? ????,dep_601304
???? ??????,dep_600689
????? ??????,dep_16974
????? ??? ???????,dep_601231
????? ???? ???????,dep_16957
???? ?????? ,dep_17019
?????? ??????? ???? ??????,dep_17507
????? ??????? ,dep_600639
???? ??? ????? ?????? ?????? ?????? ??????? ??????,dep_600140
???? ?????? ??????,dep_17151
???? ?????? ?????? - ????? ??????? - ?????,dep_600250
???? ??? ???? ??????,dep_17455
???? ??????? ????? ?????,dep_10296
???? ?????????,dep_16457
???? ???????,dep_600262
???? ??????? - ???? ??????,dep_18305
???? ??????? -  ???? ?? ???,dep_600125
???? ???????,dep_600263
???? ??????? ,dep_16405
???? ??????? - ???? ?????? ?? ?????????,dep_600123
 ???? ??????? ????? ????? ,dep_10855
???? ???????? - ??????,dep_601362
???? ???????? - ?????,dep_601363
???? ???????? - ???????,dep_601365
???? ???????? - ??????,dep_601364
???? ???????? - ????????,dep_601366
???? ???????? - ????????,dep_601361
???? ???????? - ?????? ?????? - ??????,dep_600514
???? ????????,dep_600120
???? ???????? ???????,dep_18137
???? ????? ??????? ??????? ?????? ??????,dep_10367
???? ????? ??? ??????? ,dep_16123
???? ????? ????????? ?? ????? ,dep_16601
???? ????? ??????? ???????? ????? ????? - ???? ?????,dep_10999
???? ????? ???? ?????? ,dep_16124
???? ??????? ????? ???? ????????,dep_12287
???? ??????,dep_16266
???? ???????,dep_16401
???? ??????? ????? ??????? ??????? ??????,dep_16453
???? ?????? ???????? ????? ????????,dep_600730
???? ?????? ???????,dep_600726
???? ?? ???? ???????,dep_10459
???? ????? ,dep_16122
???? ????? ????????,dep_600144
???? ????? - ???? ?????? ???????,dep_18296
???? ?????- ??? ????? ??????- ???? ??? ??? ??????,dep_600138
???? ?????- ???? ????? ????,dep_600137
???? ????? ????? ??????,dep_12408
???? ????? ????????,dep_16113
???? ?????? ( ??????? ),dep_16366
???? ???? ??????,dep_600222
???? ???? ?????? ?????,dep_600472
???? ????? ???????,dep_18139
???? ????? ????? ,dep_16125
???? ????? ????????,dep_10205
???? ????? ?????? ???????,dep_16455
???? ????? ????????? ?????? ?????? ?????? ,dep_12772
???? ????? ????????? ( ???? ????? ??? ?????? ),dep_10507
???? ????? ???????,dep_16550
???? ????? ????? ,dep_16101
???? ????? ?????? ???????,dep_16817
???? ????? ???????,dep_601450
???? ????? ????? ??? ???????,dep_16459
???? ????? ??????,dep_16108
???? ????? ???? ??????,dep_11409
???? ????? ???? ????? ?????? ??????,dep_10840
???? ????? ???? ??????? ,dep_10111
???? ????? ????? ??????? ???? ??? ????????? ,dep_601116
???? ????? ???? ????? ??? ???? ????,dep_601080
???? ????? ??? ???? ??????? ,dep_600464
???? ????? ???? ,dep_600481
???? ????? ???? ????? ?? ???,dep_600117
???? ?????? ??????,dep_17456
???? ???? ?????? ????????,dep_10863
???? ??? ??????? ??? ?????,dep_16600
???? ????? ???????,dep_18138
???? ????,dep_600130
?????? ??????,dep_130
???? ???? ?? ????,dep_601308
???? ????????,dep_16353
???? ?????? ????????,dep_10908
???? ?????? ???????? - ???? ?? ???? - ???????? -?????,dep_600232
???? ?????? ,dep_12904
???? ?? ???? ?????,dep_11613
???? ???????,dep_601517
???? ?? ???? ??????,dep_601511
???? ?? ???? ???????,dep_601151
 ???? ?? ???? ?????,dep_10590
???? ?? ???? ??????,dep_12010
???? ?? ??????,dep_12376
???? ?? ???? ?? ??????,dep_10043
???? ?? ??????? ?? ?????,dep_10894
???? ?? ??? ???? ?????? ,dep_600466
???? ?? ????????? (3),dep_10707
???? ?? ????????? ( 4 ),dep_10489
???? ?? ?????????,dep_11185
???? ?? ?????????,dep_12184
???? ?? ??? ??????,dep_17008
???? ?? ?????????,dep_600104
???? ?? ????????? ?????,dep_600771
???? ?? ?????,dep_16354
???? ?? ??????,dep_10430
???? ?? ??? ?? ????,dep_600849
???? ?? ???? ?? ??? ????,dep_10686
???? ???? ??????,dep_600448
???? ??? ?????? ?????? - ???? ????? ???????? ????????,dep_600978
???? ?????????,dep_12187
????? ??????? ???? ?????? ????????,dep_601523
????? ??????? ???? ?????? ????????,dep_601522
????? ???????? ( ???????? ???????? ) ????????,dep_11989
????? ??????? ???????? ?????????,dep_17805
????? ??????? ???????? ?????,dep_17804
????? ??????? ???????? ????? ??? ?????,dep_17808
????? ??????? ???????? ????? ????,dep_17807
????? ??????? ???????? ????? ???,dep_17806
????? ?????? ?????? ?????? ?????? ????? ??? ?? ??????(??????),dep_10309
????? ???????? ???????,dep_601378
????? ???????? ???????,dep_10185
????? ?? ???????? ????? ?????,dep_11611
????? ?? ???? ??? ???? ????,dep_18135
????? ?? ???? ?????? ,dep_600697
????? ????? ?????? ?????? ?????,dep_16000
????? ????? ?????? ?????? ?????,dep_600290
????? ????? ?????? ?????????,dep_16001
????? ???? ??? ???,dep_18164
????? ??? ????? ?????? ?????? ??????,dep_601435
????? ???? ???????? ,dep_601475
????? ???? ??????? - ????? ,dep_601297
????? ???? - ??????,dep_11860
????? ???????  ,dep_601319
???? ??? ??????,dep_600007
???? ??????,dep_600118
???? ????? ??????,dep_103
???? ????? ?????? ????? ???????,dep_113
???? ????? ??????? ???????,dep_108
???? ????? ??????? ??????? ????? ???????,dep_118
???? ????? ??????? ??????? ????? ???????,dep_601251
???? ????? ??????? ??????,dep_109
???? ????? ??????? ?????? ????? ???????,dep_119
???? ????? ??????,dep_102
???? ????? ?????? ????? ???????,dep_112
???? ????? ????? ????? ???????,dep_115
???? ????? ?????? ????? ???????,dep_111
???? ????? ????????,dep_110
???? ????? ???????? ????? ???????,dep_600971
???? ????? ?????,dep_104
???? ????? ????? - ????? ???????,dep_114
???? ????? ????? ???????,dep_106
???? ????? ????? ??????? ????? ???????,dep_116
???? ????? ????? ???????,dep_107
???? ????? ????? ??????? ????? ???????,dep_117
???? ????? ?????? ??????? ??????? ????????,dep_600696
???? ????? ?????? ??????? ??????? ????????,dep_600996
???? ????? ????? ???????  ??????? ????????,dep_600997
???? ????? ?????? ??????? ??????? ????????,dep_600995
???? ????? ????? ??????? ??????? ????????,dep_600994
???? ????? ????????? ???? ???????,dep_601124
???? ????? ????????? ???? ??????,dep_601125
???? ????? ????????? ???? ???????,dep_601126
???? ????? ????????? ???? ??????,dep_601127
???? ????? ??????? ???????? ,dep_600999
???? ????? ??????? ???????? ,dep_600998
???? ?????,dep_10037
???? ??? ????? ,dep_17937
???? ??? ????? ,dep_600081
???? ??? ????? ?????,dep_600806
 ???? ??? ????? ?????,dep_11184
????,dep_18311
???? ??????? ?????,dep_600678
???? ??????? ?????,dep_600355
???? ??????? ( ????? ??????? ),dep_600649
????? ???????,dep_16657
???? ??????? ???????,dep_601459
???? ??? ?????,dep_600060
???? ??? ????,dep_601104
???? ??? ????,dep_16854
???? ??? ??? ??????,dep_16308
???? ??? ???? ?????? ,dep_601284
???? ??? ??????? ???????,dep_600804
???? ???? ???????? ( ???????? ),dep_12386
???? ???? ?? ????,dep_10169
???? ???????,dep_13334
???? ?????? ?? ???,dep_16057
???? ?????? ,dep_601264
???? ?????? ???? ?? ????,dep_12761
???? ?????? ???????,dep_12743
???? ?????? ???????,dep_600050
???? ?????? ??????,dep_600048
???? ?????? ??????,dep_600046
???? ?????? ??? ?? ???? (?? ???),dep_16752
???? ????????,dep_16062
???? ????? ,dep_601267
???? ?????,dep_16424
???? ???????,dep_600265
???? ???????,dep_600419
???? ???????,dep_600070
???? ??????,dep_10045
???? ???????? ,dep_17153
???? ?? ????,dep_16312
???? ?????? (????????),dep_12381
???? ????????,dep_17200
???? ?? ???,dep_18308
???? ??????,dep_600738
???? ?????????,dep_600673
???? ??????? _ ???? ??????? ????????,dep_10239
???? ?????? - ???? ????? ???????? ????????,dep_600983
???? ?????? ,dep_17154
???? ??????,dep_17167
???? ??????,dep_16853
???? ??????? ,dep_16314
???? ???????,dep_17352
???? ??????,dep_12751
???? ???????,dep_600012
???? ?? ????,dep_18286
???? ????????,dep_18293
???? ????????,dep_600063
???? ??????,dep_600299
???? ?????,dep_18307
???? ??????,dep_601293
???? ????? ( ???????? ??????? ),dep_600057
???? ?????? ???????,dep_600056
???? ????????,dep_16064
???? ????? ??? ??? ???,dep_600131
???? ????? ???? ???????,dep_12700
???? ????? ???? ?? ??? ??????,dep_600043
???? ????? ???? ??????,dep_600832
???? ???????,dep_18297
???? ?????? 2,dep_601141
???? ??????,dep_17350
???? ????????,dep_601433
???? ?? ??? ????,dep_18285
???? ???????,dep_600049
???? ??????,dep_18288
???? ?? ????,dep_16315
???? ????? ?????? (?????? ???????),dep_16756
???? ?? ???? ????? ?? ???? ( ?????? ),dep_600149
???? ?????? ??????? (????)- ???? ????? ????????,dep_10668
???? ???????,dep_600016
???? ?????? - ???????,dep_601026
???? ????????? ??????? / ???? ??????? ????????,dep_601307
???? ?? ?????,dep_18294
???? ?????,dep_10927
???? ??????,dep_10129
???? ??????? - ???? ?????,dep_11031
???? ??????,dep_18304
???? ??????,dep_600139
???? ???????? (????? ?????) - ???? ?????,dep_12327
???? ??????,dep_13348
???? ?????? - ????? ?????? ??????,dep_10263
???? ????? ???,dep_600143
???? ????? ????,dep_600064
???? ???????,dep_600316
???? ???????,dep_18291
???? ??????,dep_16757
???? ???????,dep_18290
???? ?????,dep_17351
???? ????? ,dep_601388
???? ??????,dep_16065
???? ?????? - ????,dep_10963
???? ???????,dep_16301
???? ??????,dep_600317
???? ?? ????,dep_16313
???? ?? ??? _ ???? ??????? ????????,dep_10989
???? ??? ?? ??????,dep_600062
???? ???? ?? ???? ,dep_16307
???? ???? ?? ???,dep_600052
???? ???? ?? ??? ????,dep_601180
???? ????,dep_17354
???? ???? ?? ??? ??????,dep_600053
???? ?? ?????? ???? ????,dep_600361
???? ???? ?? ??????,dep_601229
???? ????,dep_18299
???? ?? ???????,dep_600833
???? ???? ????????,dep_600914
???? ??? ?????,dep_600058
???? ??? ?? ??? ????,dep_601029
???? ??? ?? ??? ???? - ?,dep_600943
???? ??? ?? ?????,dep_600061
???? ???? ????????,dep_601530
???? ???? ?? ??????,dep_600055
???? ????? ??????? ????????,dep_16306
???? ?????? ??????,dep_600516
???? ????,dep_18298
???? ? ??????,dep_16759
???? ????,dep_18310
???? ???? ?? ????????,dep_600014
???? ???? ?? ????????,dep_601220
???? ????????? ?? ??? ,dep_601369
???? ????????? ?????? - ???? ?????? ????????,dep_600917
???? ????????? ???????,dep_601509
????/ ????????? ?????? ,dep_601338
???? ??? ?????? ?? ???,dep_10820
???? ????????? ???????,dep_601393
???? ??????? ???????,dep_600827
???? ????? ?? ????,dep_600054
???? ?????,dep_17353
???? ???? (??????),dep_12133
???? ???? ?? ???? ????? ??? ?????,dep_601432
???? ??? ???????,dep_16305
???? ??? ?? ?????????,dep_12363
???? ??? ?? ??? ??????,dep_16304
???? ???? ?? ??? ???????? - ???? ?????? ????????,dep_600916
???? ???? ?? ???,dep_13318
???? ??? ??????,dep_601268
???? ???? ??????,dep_600073
???? ??? ???????,dep_601449
???? ??? ?????? ???? ?? ?????,dep_600010
???? ????? ????? ???????,dep_600835
???? ???? ??????,dep_600044
???? ???? ????? 2 - ???? ?????,dep_601306
???? ???? ????,dep_16765
???? ???? ??????,dep_10822
???? ?????? ????? ????,dep_600045
???? ????? ???,dep_600465
???? ???? ?? ???,dep_600059
???? ???? ???????,dep_16751
???? ???? ?? ????,dep_601443
???? ???? ??????,dep_16302
???? ???? ?? ????,dep_16303
???? ????? ???? ??????,dep_600811
????? ,dep_600912
???? ?????,dep_11708
????,dep_16256
???? ?? ????,dep_16994
???? ?? ????,dep_10191
???? ?? ???? ,dep_10379
???? ?? ????,dep_10625
???? ?? ????,dep_16361
???? ?? ????,dep_16993
???? ?? ????,dep_17060
???? ?? ???? ,dep_600086
???? ?? ????,dep_600515
???? ?? ????,dep_601174
???? ?? ????(????????),dep_12067
???? ?? ????-?????? ??????,dep_10226
???? ?? ???? (?????),dep_10660
???? ???????,dep_12501
???? ?? ???? ,dep_10890
???? ?? ???,dep_10286
???? ?? ???,dep_13138
???? ?? ??? ,dep_16120
???? ?? ???,dep_16706
???? ?? ??? ,dep_17026
???? ?? ???,dep_600400
???? ?? ???,dep_601173
???? ?? ???,dep_601490
???? ?? ??? (????? ???????),dep_13417
???? ?? ??? (????????),dep_13427
???? ?? ??? ?????,dep_600134
???? ?? ??? - ??????,dep_11492
?????? ?? ??? ?????,dep_12180
?????? ?? ??? ?????,dep_16375
???? ??? ?????? ??????? ????????,dep_601003
???? ?????? ?????? ???????? ,dep_601008
???? ??????? ??????? ????????,dep_601004
???? ????? ?????? ???????? ,dep_601007
???? ?????? ?????? ???????? ,dep_601010
???? ????? ?????? ????????,dep_601009
???? ??????? ?????? ?????? ??????,dep_17572
???? ????? ??????? ????????,dep_601000
???? ????? ??????? ????????,dep_601001
???? ???? ??????? ?????? ?????? ,dep_601055
???? ?????? ?????? ??????? ????????,dep_601002
???? ????? ?????? ???????? ,dep_601082
???? ?? ?????,dep_13340
????? ??????,dep_600845
????? ???? ??????,dep_600843
????? ???? ????? ?????? ????? ???????,dep_601473
???? ????? ????? ?????,dep_600754
???? ????????? ????????,dep_38
???? ??????? ???????,dep_601063
???? ??????? ??????,dep_16300
???? ??????? ??????,dep_600251
???? ???? ??????,dep_16
???? ?? ????,dep_17133
????? ????? ????????,dep_601451
????? ????? ????????,dep_601452
????? ??????? ?????,dep_601382
????? ??????? ?????,dep_601108
????? ??????? ????????,dep_12026
????? ?????? -???? ??? ????????-,dep_13431
????? ???????,dep_600892
????? ????????,dep_10403
????? ??? ????????? ?? ?????,dep_601499
????? ???? ??????? ?????,dep_600785
??? ???? ???????,dep_601265
????? ??? ???????,dep_18168
???? ?? ????,dep_10701
???? ????????,dep_13201
?????? ??? ??????,dep_16326
?????? ??? ??????,dep_600092
???? ????? ????????? ,dep_601460
???? ?????,dep_600102
???? ??????,dep_600810
???? ??????,dep_10125
???? ??????,dep_29999
???? ?? ???? ???????,dep_601395
???? ??????,dep_17052
 ????? ???????? ?????,dep_11249
???? ???????,dep_12293
???,dep_600314
??? ????????,dep_10775
???? ??????,dep_600209
???? ??????,dep_600461
????? ??? ???,dep_600751
 ????? ??? ??? ?????,dep_11152
?????,dep_600333
???? ?? ?????,dep_601285
??? ????? ?????,dep_11192
???? ???????,dep_12505
???? ?? ?????,dep_600215
?????????,dep_11208
??? ?????? ?????,dep_11703
??? ??????? ?????,dep_600966
??? ??????? ?????,dep_11222
??? ??????? ?????,dep_11458
???? ???????,dep_601043
???? ??????? (?????),dep_600891
???? ???????  ?????,dep_600630
???? ?????? ????????? ?????,dep_601420
???? ??????? - ??????,dep_601169
???? ??? ?????? ( ??? ????? ),dep_600703
???? ??? ???? ?????,dep_11500
????? ??????,dep_600255
????? ?????? - ???? ????? ???????? ????????,dep_10119
??????,dep_600334
???? ?? ????,dep_600757
???? ?? ???? ??????,dep_16170
 ??? ??? ????,dep_11140
??? ??? ????,dep_16335
??? ??? ???? - ?????,dep_600722
???? ??? ???? ??????,dep_601249
??? ??????,dep_601455
??? ??????,dep_601456
??? ??????,dep_601498
??? ??? ???? ??????,dep_13137
???? ?????,dep_601012
???? ?????,dep_601011
???? ????? ???????? ?????? ?? ??????,dep_16603
???? ?????? ?????,dep_600491
????? ???? ??????,dep_601439
????? ?????? ???? ?? ????,dep_12055
????? ?????? ???? ?? ???? - ???? ??????? ????????,dep_600945
????? ?????? ??? ?????? ?? ????,dep_600122
 ????? ?????? ??? ?????? ?? ???,dep_13107
????? ?????? ??? ?? ???? ??????,dep_10678
????? ?????? ???? ?? ??? ??????,dep_13403
????? ?????? ????????,dep_10060
????? ????? ???? (2)- ????  ????? ????????? ??????? ????????,dep_10238
????? ????? ????,dep_10345
????? ??? ??????,dep_600813
????? ???? ???????,dep_601351
 ???? ????? - ???? ?????,dep_10573
???? ?? ???? ,dep_600517
???? ?? ???? ???????/ ????? ??? ?????-???? ??? ?????? ????????,dep_10121
???? ???????,dep_12291
???? ?? ????,dep_17430
